Workbook

Sheet README
A1: IP First Response: AI referral and citation analysis
A2: Built 11 Sep 2026 from three exports. Every figure below is a live formula over the Sessions, Pages and Daily tabs, so filtering or correcting a source row reflows the whole workbook.
A5: Headline numbers
A6: Bing AI citations (by page) | B6: =Pages!E106 -> 9202
A7: Sessions from AI assistants | B7: =Pages!F106 -> 443
A8: Overall CTR, all AI referrers | B8: =IFERROR(Pages!F106/Pages!E106,"") -> 0.048141708
A9: Overall CTR, Copilot sessions only | B9: =IFERROR(Pages!J106/Pages!E106,"") -> 0.00032601608
A10: Same CTR using the daily citation total | B10: =IFERROR(Pages!F106/Daily!H$123,"") -> 0.042331581
A11: Pages cited by Bing AI | B11: =COUNTIF(Pages!O2:O105,"cited*") -> 88
A12: Pages with AI referral landings | B12: =COUNTIF(Pages!O2:O105,"*landed")+COUNTIF(Pages!O2:O105,"landings*") -> 75
A14: What each tab holds
A15: README | B15: This page. Definitions, join logic and the caveats that change how the numbers should be read.
A16: Pages | B16: One row per canonical URL, outer joined across both sources. This is the CTR-per-page view. The totals row uses SUBTOTAL, so filter by section or match status and the CTR at the bottom recalculates for that slice.
A17: Daily | B17: One row per calendar day across the full union of both date ranges, with citations, sessions and CTR. Date parts are pre-split into year, month, ISO week and weekday so no date maths is needed to pivot.
A18: Weekly | B18: ISO weeks, Monday start, rolled up from Daily with SUMIFS.
A19: Referrers | B19: Sessions by assistant.
A20: Sessions | B20: The cleaned Mixpanel extract at page-by-day-by-referrer grain. Raw landing URL is kept next to the canonical one so any normalisation can be audited.
A22: How the sources were joined
A23: Join key | B23: Canonical URL: scheme and host lowercased, query string and fragment removed, trailing slash stripped. Host is retained, so the chat subdomain stays a separate page.
A24: Why that matters | B24: Mixpanel landing URLs carry utm_source, _gl, utm_content and fragment noise, and several are truncated mid-parameter. Bing reports clean URLs. Without normalisation roughly a third of ChatGPT landings would not have matched their own Bing row.
A25: Grain limits | B25: Bing gives citations by day OR by page, never both at once. So page-level CTR has no time dimension and daily CTR has no page dimension. A page-by-day citation figure cannot be derived from these exports and is not in this workbook.
A27: Read these before quoting a CTR
A28: The numerator and denominator are different populations | B28: Bing's AI Performance report counts citations in Microsoft Copilot, Bing AI summaries and its partner integrations. The Mixpanel sessions are overwhelmingly ChatGPT. Treat the headline CTR as a rough visibility-to-traffic yield, not a real click-through rate. The Copilot-only CTR is the apples-to-apples version, but it rests on very few sessions.
A29: The two Bing exports do not reconcile | B29: Citations summed by day and citations summed by page differ by about 12 percent. Same report, same nominal window, different totals. Worth checking whether the per-page export is capped or truncated before either number goes in a deck.
A30: One day is an outlier | B30: 30 July 2026 records roughly six times the typical daily citation count. It moves both the monthly and the all-period CTR. Decide whether to keep or exclude it before reporting a trend.
A31: Date ranges differ | B31: Bing daily data runs 14 May to 8 Sep 2026. Mixpanel sessions run 15 May to 11 Sep 2026. The Daily tab spans the union and flags each day in the source coverage column. Filter to 'both' before comparing the two series.
A32: Sessions are first-touch only | B32: Mixpanel reports the initial referrer and the landing page of the session. A user who arrives from ChatGPT and then reads four more pages counts once, against the first page.
A33: Truncated links produce 404s | B33: Two ChatGPT landings hit a URL cut off mid-slug and served the 404 page. Small volume, but it points at links being emitted with a malformed path.
A35: Two ways to average a CTR
A36: Weekly totals (Weekly column K) | B36: Total sessions for the week divided by total citations for the week. High-citation days dominate. Use this when the question is about aggregate yield.
A37: Mean of daily CTRs (Weekly column L) | B37: Each day weighted equally regardless of volume. Use this when the question is about a typical day. The two diverge whenever daily volume is uneven, which here it is.

Sheet Sessions
A1: date | B1: referrer | C1: page_title | D1: canonical_url | E1: path | F1: section | G1: raw_landing_url | H1: had_tracking_params | I1: sessions | J1: first row for page+date
A2: 46157 | B2: Claude | C2: Unregistered trade marks | D2: https://ipfirstresponse.ipaustralia.gov.au/options/infringement-101-unregistered-trade-marks | E2: /options/infringement-101-unregistered-trade-marks | F2: options | G2: https://ipfirstresponse.ipaustralia.gov.au/options/infringement-101-unregistered-trade-marks | H2: no | I2: 1 | J2: =IF(COUNTIFS($D$2:$D2,$D2,$A$2:$A2,$A2)=1,1,0) -> 1
A3: 46158 | B3: ChatGPT | C3: Considerations when using artificial intelligence to create IP | D3: https://ipfirstresponse.ipaustralia.gov.au/options/considerations-when-using-artificial-intelligence-create-ip-0 | E3: /options/considerations-when-using-artificial-intelligence-create-ip-0 | F3: options | G3: https://ipfirstresponse.ipaustralia.gov.au/options/considerations-when-using-artificial-intelligence-create-ip-0 | H3: no | I3: 1 | J3: =IF(COUNTIFS($D$2:$D3,$D3,$A$2:$A3,$A3)=1,1,0) -> 1
A4: 46160 | B4: Claude | C4: Register your trade mark | D4: https://ipfirstresponse.ipaustralia.gov.au/options/register-your-trade-mark | E4: /options/register-your-trade-mark | F4: options | G4: https://ipfirstresponse.ipaustralia.gov.au/options/register-your-trade-mark | H4: no | I4: 1 | J4: =IF(COUNTIFS($D$2:$D4,$D4,$A$2:$A4,$A4)=1,1,0) -> 1
A5: 46161 | B5: ChatGPT | C5: Design infringement | D5: https://ipfirstresponse.ipaustralia.gov.au/options/infringement-101-design-infringement | E5: /options/infringement-101-design-infringement | F5: options | G5: https://ipfirstresponse.ipaustralia.gov.au/options/infringement-101-design-infringement?utm_ | H5: yes | I5: 1 | J5: =IF(COUNTIFS($D$2:$D5,$D5,$A$2:$A5,$A5)=1,1,0) -> 1
A6: 46161 | B6: ChatGPT | C6: Design infringement | D6: https://ipfirstresponse.ipaustralia.gov.au/options/infringement-101-design-infringement | E6: /options/infringement-101-design-infringement | F6: options | G6: https://ipfirstresponse.ipaustralia.gov.au/options/infringement-101-design-infringement?utm_source=chatgpt.com | H6: yes | I6: 1 | J6: =IF(COUNTIFS($D$2:$D6,$D6,$A$2:$A6,$A6)=1,1,0) -> 0
A7: 46162 | B7: ChatGPT | C7: Unregistered trade marks | D7: https://ipfirstresponse.ipaustralia.gov.au/options/infringement-101-unregistered-trade-marks | E7: /options/infringement-101-unregistered-trade-marks | F7: options | G7: https://ipfirstresponse.ipaustralia.gov.au/options/infringement-101-unregistered-trade-marks?utm_source=chatgpt.com | H7: yes | I7: 1 | J7: =IF(COUNTIFS($D$2:$D7,$D7,$A$2:$A7,$A7)=1,1,0) -> 1
A8: 46162 | B8: ChatGPT | C8: Unregistered trade marks | D8: https://ipfirstresponse.ipaustralia.gov.au/options/infringement-101-unregistered-trade-marks | E8: /options/infringement-101-unregistered-trade-marks | F8: options | G8: https://ipfirstresponse.ipaustralia.gov.au/options/infringement-101-unregistered-trade-marks | H8: no | I8: 1 | J8: =IF(COUNTIFS($D$2:$D8,$D8,$A$2:$A8,$A8)=1,1,0) -> 0
A9: 46163 | B9: ChatGPT | C9: Is my business name my IP? | D9: https://ipfirstresponse.ipaustralia.gov.au/options/my-business-name-my-ip | E9: /options/my-business-name-my-ip | F9: options | G9: https://ipfirstresponse.ipaustralia.gov.au/options/my-business-name-my-ip?utm_source=chatgpt.com | H9: yes | I9: 2 | J9: =IF(COUNTIFS($D$2:$D9,$D9,$A$2:$A9,$A9)=1,1,0) -> 1
A10: 46163 | B10: ChatGPT | C10: Stop infringing goods entering the country | D10: https://ipfirstresponse.ipaustralia.gov.au/options/stop-infringing-goods-entering-country | E10: /options/stop-infringing-goods-entering-country | F10: options | G10: https://ipfirstresponse.ipaustralia.gov.au/options/stop-infringing-goods-entering-country?utm_source=chatgpt.com | H10: yes | I10: 1 | J10: =IF(COUNTIFS($D$2:$D10,$D10,$A$2:$A10,$A10)=1,1,0) -> 1
A11: 46164 | B11: Copilot | C11: Challenge a new or amended patent | D11: https://ipfirstresponse.ipaustralia.gov.au/options/challenge-new-or-amended-patent | E11: /options/challenge-new-or-amended-patent | F11: options | G11: https://ipfirstresponse.ipaustralia.gov.au/options/challenge-new-or-amended-patent?utm_source=copilot.com | H11: yes | I11: 1 | J11: =IF(COUNTIFS($D$2:$D11,$D11,$A$2:$A11,$A11)=1,1,0) -> 1
A12: 46164 | B12: ChatGPT | C12: Tips and tricks for searching for an existing right | D12: https://ipfirstresponse.ipaustralia.gov.au/tips-and-tricks-searching-existing-right | E12: /tips-and-tricks-searching-existing-right | F12: (top level) | G12: https://ipfirstresponse.ipaustralia.gov.au/tips-and-tricks-searching-existing-right | H12: no | I12: 1 | J12: =IF(COUNTIFS($D$2:$D12,$D12,$A$2:$A12,$A12)=1,1,0) -> 1
A13: 46167 | B13: Claude | C13: Seek binding, authoritative decisions | D13: https://ipfirstresponse.ipaustralia.gov.au/options/court-patents | E13: /options/court-patents | F13: options | G13: https://ipfirstresponse.ipaustralia.gov.au/options/court-patents | H13: no | I13: 1 | J13: =IF(COUNTIFS($D$2:$D13,$D13,$A$2:$A13,$A13)=1,1,0) -> 1
... A405: 46276 | B405: ChatGPT | C405: Check if someone else already owns a word, logo or idea you want | D405: https://ipfirstresponse.ipaustralia.gov.au/options/check-if-someone-else-already-owns-word-logo-or-idea-you-want | E405: /options/check-if-someone-else-already-owns-word-logo-or-idea-you-want | F405: options | G405: https://ipfirstresponse.ipaustralia.gov.au/options/check-if-someone-else-already-owns-word-logo-or-idea-you-want?utm_source=chatgpt.com | H405: yes | I405: 1 | J405: =IF(COUNTIFS($D$2:$D405,$D405,$A$2:$A405,$A405)=1,1,0) -> 1
A407: Mixpanel emits one row per landing-URL variant, so the same page and date can appear twice (once with tracking parameters, once without). Column J marks the first row of each page-and-date pair, which is what the Pages tab counts as a day with sessions.

Sheet Pages
A1: canonical_url | B1: path | C1: section | D1: page_title | E1: citations (Bing AI) | F1: sessions (all AI referrers) | G1: ChatGPT | H1: Claude | I1: Gemini | J1: Copilot | K1: CTR all referrers | L1: CTR Copilot only | M1: share of citations | N1: share of sessions | O1: match status | P1: first session | Q1: last session | R1: days with sessions
A2: https://ipfirstresponse.ipaustralia.gov.au/options/infringement-101-copyright-infringement | B2: /options/infringement-101-copyright-infringement | C2: options | D2: Copyright infringement | E2: 2647 | F2: =SUMIFS(Sessions!$I:$I,Sessions!$D:$D,$A2) -> 25 | G2: =SUMIFS(Sessions!$I:$I,Sessions!$D:$D,$A2,Sessions!$B:$B,"ChatGPT") -> 25 | H2: =SUMIFS(Sessions!$I:$I,Sessions!$D:$D,$A2,Sessions!$B:$B,"Claude") -> 0 | I2: =SUMIFS(Sessions!$I:$I,Sessions!$D:$D,$A2,Sessions!$B:$B,"Gemini") -> 0 | J2: =SUMIFS(Sessions!$I:$I,Sessions!$D:$D,$A2,Sessions!$B:$B,"Copilot") -> 0 | K2: =IFERROR(F2/E2,"") -> 0.0094446543 | L2: =IFERROR(J2/E2,"") -> 0 | M2: =IFERROR(E2/$E$106,"") -> 0.28765486 | N2: =IFERROR(F2/$F$106,"") -> 0.056433409 | O2: cited and landed | P2: =IF(F2=0,"",_xlfn.MINIFS(Sessions!$A:$A,Sessions!$D:$D,$A2)) -> 46175 | Q2: =IF(F2=0,"",_xlfn.MAXIFS(Sessions!$A:$A,Sessions!$D:$D,$A2)) -> 46275 | R2: =SUMIFS(Sessions!$J:$J,Sessions!$D:$D,$A2) -> 21
A3: https://ipfirstresponse.ipaustralia.gov.au/blogs/copyright-licensing-and-rights-management-organisations-australia | B3: /blogs/copyright-licensing-and-rights-management-organisations-australia | C3: blogs | D3: Copyright licensing and rights management organisations in Australia | E3: 1425 | F3: =SUMIFS(Sessions!$I:$I,Sessions!$D:$D,$A3) -> 1 | G3: =SUMIFS(Sessions!$I:$I,Sessions!$D:$D,$A3,Sessions!$B:$B,"ChatGPT") -> 0 | H3: =SUMIFS(Sessions!$I:$I,Sessions!$D:$D,$A3,Sessions!$B:$B,"Claude") -> 1 | I3: =SUMIFS(Sessions!$I:$I,Sessions!$D:$D,$A3,Sessions!$B:$B,"Gemini") -> 0 | J3: =SUMIFS(Sessions!$I:$I,Sessions!$D:$D,$A3,Sessions!$B:$B,"Copilot") -> 0 | K3: =IFERROR(F3/E3,"") -> 0.00070175439 | L3: =IFERROR(J3/E3,"") -> 0 | M3: =IFERROR(E3/$E$106,"") -> 0.15485764 | N3: =IFERROR(F3/$F$106,"") -> 0.0022573363 | O3: cited and landed | P3: =IF(F3=0,"",_xlfn.MINIFS(Sessions!$A:$A,Sessions!$D:$D,$A3)) -> 46169 | Q3: =IF(F3=0,"",_xlfn.MAXIFS(Sessions!$A:$A,Sessions!$D:$D,$A3)) -> 46169 | R3: =SUMIFS(Sessions!$J:$J,Sessions!$D:$D,$A3) -> 1
A4: https://ipfirstresponse.ipaustralia.gov.au/blogs/simple-breakdown-names-and-trade-marks | B4: /blogs/simple-breakdown-names-and-trade-marks | C4: blogs | D4: A simple breakdown of names and trade marks | E4: 808 | F4: =SUMIFS(Sessions!$I:$I,Sessions!$D:$D,$A4) -> 18 | G4: =SUMIFS(Sessions!$I:$I,Sessions!$D:$D,$A4,Sessions!$B:$B,"ChatGPT") -> 18 | H4: =SUMIFS(Sessions!$I:$I,Sessions!$D:$D,$A4,Sessions!$B:$B,"Claude") -> 0 | I4: =SUMIFS(Sessions!$I:$I,Sessions!$D:$D,$A4,Sessions!$B:$B,"Gemini") -> 0 | J4: =SUMIFS(Sessions!$I:$I,Sessions!$D:$D,$A4,Sessions!$B:$B,"Copilot") -> 0 | K4: =IFERROR(F4/E4,"") -> 0.022277228 | L4: =IFERROR(J4/E4,"") -> 0 | M4: =IFERROR(E4/$E$106,"") -> 0.087806998 | N4: =IFERROR(F4/$F$106,"") -> 0.040632054 | O4: cited and landed | P4: =IF(F4=0,"",_xlfn.MINIFS(Sessions!$A:$A,Sessions!$D:$D,$A4)) -> 46180 | Q4: =IF(F4=0,"",_xlfn.MAXIFS(Sessions!$A:$A,Sessions!$D:$D,$A4)) -> 46275 | R4: =SUMIFS(Sessions!$J:$J,Sessions!$D:$D,$A4) -> 16
A5: https://ipfirstresponse.ipaustralia.gov.au/options/register-your-trade-mark | B5: /options/register-your-trade-mark | C5: options | D5: Register your trade mark | E5: 429 | F5: =SUMIFS(Sessions!$I:$I,Sessions!$D:$D,$A5) -> 19 | G5: =SUMIFS(Sessions!$I:$I,Sessions!$D:$D,$A5,Sessions!$B:$B,"ChatGPT") -> 15 | H5: =SUMIFS(Sessions!$I:$I,Sessions!$D:$D,$A5,Sessions!$B:$B,"Claude") -> 4 | I5: =SUMIFS(Sessions!$I:$I,Sessions!$D:$D,$A5,Sessions!$B:$B,"Gemini") -> 0 | J5: =SUMIFS(Sessions!$I:$I,Sessions!$D:$D,$A5,Sessions!$B:$B,"Copilot") -> 0 | K5: =IFERROR(F5/E5,"") -> 0.044289044 | L5: =IFERROR(J5/E5,"") -> 0 | M5: =IFERROR(E5/$E$106,"") -> 0.0466203 | N5: =IFERROR(F5/$F$106,"") -> 0.042889391 | O5: cited and landed | P5: =IF(F5=0,"",_xlfn.MINIFS(Sessions!$A:$A,Sessions!$D:$D,$A5)) -> 46160 | Q5: =IF(F5=0,"",_xlfn.MAXIFS(Sessions!$A:$A,Sessions!$D:$D,$A5)) -> 46269 | R5: =SUMIFS(Sessions!$J:$J,Sessions!$D:$D,$A5) -> 15
A6: https://ipfirstresponse.ipaustralia.gov.au/options/infringement-101-trade-mark-infringement | B6: /options/infringement-101-trade-mark-infringement | C6: options | D6: Trade mark infringement | E6: 329 | F6: =SUMIFS(Sessions!$I:$I,Sessions!$D:$D,$A6) -> 13 | G6: =SUMIFS(Sessions!$I:$I,Sessions!$D:$D,$A6,Sessions!$B:$B,"ChatGPT") -> 13 | H6: =SUMIFS(Sessions!$I:$I,Sessions!$D:$D,$A6,Sessions!$B:$B,"Claude") -> 0 | I6: =SUMIFS(Sessions!$I:$I,Sessions!$D:$D,$A6,Sessions!$B:$B,"Gemini") -> 0 | J6: =SUMIFS(Sessions!$I:$I,Sessions!$D:$D,$A6,Sessions!$B:$B,"Copilot") -> 0 | K6: =IFERROR(F6/E6,"") -> 0.039513678 | L6: =IFERROR(J6/E6,"") -> 0 | M6: =IFERROR(E6/$E$106,"") -> 0.035753097 | N6: =IFERROR(F6/$F$106,"") -> 0.029345372 | O6: cited and landed | P6: =IF(F6=0,"",_xlfn.MINIFS(Sessions!$A:$A,Sessions!$D:$D,$A6)) -> 46170 | Q6: =IF(F6=0,"",_xlfn.MAXIFS(Sessions!$A:$A,Sessions!$D:$D,$A6)) -> 46275 | R6: =SUMIFS(Sessions!$J:$J,Sessions!$D:$D,$A6) -> 13
A7: https://ipfirstresponse.ipaustralia.gov.au/options/infringement-101-what-ip-infringement | B7: /options/infringement-101-what-ip-infringement | C7: options | E7: 296 | F7: =SUMIFS(Sessions!$I:$I,Sessions!$D:$D,$A7) -> 0 | G7: =SUMIFS(Sessions!$I:$I,Sessions!$D:$D,$A7,Sessions!$B:$B,"ChatGPT") -> 0 | H7: =SUMIFS(Sessions!$I:$I,Sessions!$D:$D,$A7,Sessions!$B:$B,"Claude") -> 0 | I7: =SUMIFS(Sessions!$I:$I,Sessions!$D:$D,$A7,Sessions!$B:$B,"Gemini") -> 0 | J7: =SUMIFS(Sessions!$I:$I,Sessions!$D:$D,$A7,Sessions!$B:$B,"Copilot") -> 0 | K7: =IFERROR(F7/E7,"") -> 0 | L7: =IFERROR(J7/E7,"") -> 0 | M7: =IFERROR(E7/$E$106,"") -> 0.03216692 | N7: =IFERROR(F7/$F$106,"") -> 0 | O7: cited, no landings | P7: =IF(F7=0,"",_xlfn.MINIFS(Sessions!$A:$A,Sessions!$D:$D,$A7)) | Q7: =IF(F7=0,"",_xlfn.MAXIFS(Sessions!$A:$A,Sessions!$D:$D,$A7)) | R7: =SUMIFS(Sessions!$J:$J,Sessions!$D:$D,$A7) -> 0
A8: https://ipfirstresponse.ipaustralia.gov.au/options/check-your-idea-against-existing-patents | B8: /options/check-your-idea-against-existing-patents | C8: options | D8: Check your idea against existing patents | E8: 183 | F8: =SUMIFS(Sessions!$I:$I,Sessions!$D:$D,$A8) -> 21 | G8: =SUMIFS(Sessions!$I:$I,Sessions!$D:$D,$A8,Sessions!$B:$B,"ChatGPT") -> 20 | H8: =SUMIFS(Sessions!$I:$I,Sessions!$D:$D,$A8,Sessions!$B:$B,"Claude") -> 1 | I8: =SUMIFS(Sessions!$I:$I,Sessions!$D:$D,$A8,Sessions!$B:$B,"Gemini") -> 0 | J8: =SUMIFS(Sessions!$I:$I,Sessions!$D:$D,$A8,Sessions!$B:$B,"Copilot") -> 0 | K8: =IFERROR(F8/E8,"") -> 0.1147541 | L8: =IFERROR(J8/E8,"") -> 0 | M8: =IFERROR(E8/$E$106,"") -> 0.019886981 | N8: =IFERROR(F8/$F$106,"") -> 0.047404063 | O8: cited and landed | P8: =IF(F8=0,"",_xlfn.MINIFS(Sessions!$A:$A,Sessions!$D:$D,$A8)) -> 46210 | Q8: =IF(F8=0,"",_xlfn.MAXIFS(Sessions!$A:$A,Sessions!$D:$D,$A8)) -> 46273 | R8: =SUMIFS(Sessions!$J:$J,Sessions!$D:$D,$A8) -> 15
A9: https://ipfirstresponse.ipaustralia.gov.au/options/register-your-right-use-your-design-exclusively | B9: /options/register-your-right-use-your-design-exclusively | C9: options | D9: Register your right to use your design exclusively | E9: 177 | F9: =SUMIFS(Sessions!$I:$I,Sessions!$D:$D,$A9) -> 10 | G9: =SUMIFS(Sessions!$I:$I,Sessions!$D:$D,$A9,Sessions!$B:$B,"ChatGPT") -> 10 | H9: =SUMIFS(Sessions!$I:$I,Sessions!$D:$D,$A9,Sessions!$B:$B,"Claude") -> 0 | I9: =SUMIFS(Sessions!$I:$I,Sessions!$D:$D,$A9,Sessions!$B:$B,"Gemini") -> 0 | J9: =SUMIFS(Sessions!$I:$I,Sessions!$D:$D,$A9,Sessions!$B:$B,"Copilot") -> 0 | K9: =IFERROR(F9/E9,"") -> 0.056497175 | L9: =IFERROR(J9/E9,"") -> 0 | M9: =IFERROR(E9/$E$106,"") -> 0.019234949 | N9: =IFERROR(F9/$F$106,"") -> 0.022573363 | O9: cited and landed | P9: =IF(F9=0,"",_xlfn.MINIFS(Sessions!$A:$A,Sessions!$D:$D,$A9)) -> 46230 | Q9: =IF(F9=0,"",_xlfn.MAXIFS(Sessions!$A:$A,Sessions!$D:$D,$A9)) -> 46274 | R9: =SUMIFS(Sessions!$J:$J,Sessions!$D:$D,$A9) -> 9
A10: https://ipfirstresponse.ipaustralia.gov.au/ | B10: / | C10: (home) | D10: Homepage | E10: 138 | F10: =SUMIFS(Sessions!$I:$I,Sessions!$D:$D,$A10) -> 24 | G10: =SUMIFS(Sessions!$I:$I,Sessions!$D:$D,$A10,Sessions!$B:$B,"ChatGPT") -> 18 | H10: =SUMIFS(Sessions!$I:$I,Sessions!$D:$D,$A10,Sessions!$B:$B,"Claude") -> 1 | I10: =SUMIFS(Sessions!$I:$I,Sessions!$D:$D,$A10,Sessions!$B:$B,"Gemini") -> 5 | J10: =SUMIFS(Sessions!$I:$I,Sessions!$D:$D,$A10,Sessions!$B:$B,"Copilot") -> 0 | K10: =IFERROR(F10/E10,"") -> 0.17391304 | L10: =IFERROR(J10/E10,"") -> 0 | M10: =IFERROR(E10/$E$106,"") -> 0.01499674 | N10: =IFERROR(F10/$F$106,"") -> 0.054176072 | O10: cited and landed | P10: =IF(F10=0,"",_xlfn.MINIFS(Sessions!$A:$A,Sessions!$D:$D,$A10)) -> 46197 | Q10: =IF(F10=0,"",_xlfn.MAXIFS(Sessions!$A:$A,Sessions!$D:$D,$A10)) -> 46275 | R10: =SUMIFS(Sessions!$J:$J,Sessions!$D:$D,$A10) -> 18
A11: https://ipfirstresponse.ipaustralia.gov.au/infringement-101 | B11: /infringement-101 | C11: (top level) | D11: Infringement 101 | E11: 135 | F11: =SUMIFS(Sessions!$I:$I,Sessions!$D:$D,$A11) -> 2 | G11: =SUMIFS(Sessions!$I:$I,Sessions!$D:$D,$A11,Sessions!$B:$B,"ChatGPT") -> 1 | H11: =SUMIFS(Sessions!$I:$I,Sessions!$D:$D,$A11,Sessions!$B:$B,"Claude") -> 0 | I11: =SUMIFS(Sessions!$I:$I,Sessions!$D:$D,$A11,Sessions!$B:$B,"Gemini") -> 1 | J11: =SUMIFS(Sessions!$I:$I,Sessions!$D:$D,$A11,Sessions!$B:$B,"Copilot") -> 0 | K11: =IFERROR(F11/E11,"") -> 0.014814815 | L11: =IFERROR(J11/E11,"") -> 0 | M11: =IFERROR(E11/$E$106,"") -> 0.014670724 | N11: =IFERROR(F11/$F$106,"") -> 0.0045146727 | O11: cited and landed | P11: =IF(F11=0,"",_xlfn.MINIFS(Sessions!$A:$A,Sessions!$D:$D,$A11)) -> 46231 | Q11: =IF(F11=0,"",_xlfn.MAXIFS(Sessions!$A:$A,Sessions!$D:$D,$A11)) -> 46244 | R11: =SUMIFS(Sessions!$J:$J,Sessions!$D:$D,$A11) -> 2
A12: https://ipfirstresponse.ipaustralia.gov.au/options/trade-mark-non-use | B12: /options/trade-mark-non-use | C12: options | D12: Remove a trade mark from the register | E12: 123 | F12: =SUMIFS(Sessions!$I:$I,Sessions!$D:$D,$A12) -> 4 | G12: =SUMIFS(Sessions!$I:$I,Sessions!$D:$D,$A12,Sessions!$B:$B,"ChatGPT") -> 4 | H12: =SUMIFS(Sessions!$I:$I,Sessions!$D:$D,$A12,Sessions!$B:$B,"Claude") -> 0 | I12: =SUMIFS(Sessions!$I:$I,Sessions!$D:$D,$A12,Sessions!$B:$B,"Gemini") -> 0 | J12: =SUMIFS(Sessions!$I:$I,Sessions!$D:$D,$A12,Sessions!$B:$B,"Copilot") -> 0 | K12: =IFERROR(F12/E12,"") -> 0.032520325 | L12: =IFERROR(J12/E12,"") -> 0 | M12: =IFERROR(E12/$E$106,"") -> 0.013366659 | N12: =IFERROR(F12/$F$106,"") -> 0.0090293454 | O12: cited and landed | P12: =IF(F12=0,"",_xlfn.MINIFS(Sessions!$A:$A,Sessions!$D:$D,$A12)) -> 46209 | Q12: =IF(F12=0,"",_xlfn.MAXIFS(Sessions!$A:$A,Sessions!$D:$D,$A12)) -> 46272 | R12: =SUMIFS(Sessions!$J:$J,Sessions!$D:$D,$A12) -> 4
A13: https://ipfirstresponse.ipaustralia.gov.au/options/familiarise-yourself-ip-laws | B13: /options/familiarise-yourself-ip-laws | C13: options | D13: Familiarise yourself with IP laws | E13: 112 | F13: =SUMIFS(Sessions!$I:$I,Sessions!$D:$D,$A13) -> 7 | G13: =SUMIFS(Sessions!$I:$I,Sessions!$D:$D,$A13,Sessions!$B:$B,"ChatGPT") -> 7 | H13: =SUMIFS(Sessions!$I:$I,Sessions!$D:$D,$A13,Sessions!$B:$B,"Claude") -> 0 | I13: =SUMIFS(Sessions!$I:$I,Sessions!$D:$D,$A13,Sessions!$B:$B,"Gemini") -> 0 | J13: =SUMIFS(Sessions!$I:$I,Sessions!$D:$D,$A13,Sessions!$B:$B,"Copilot") -> 0 | K13: =IFERROR(F13/E13,"") -> 0.0625 | L13: =IFERROR(J13/E13,"") -> 0 | M13: =IFERROR(E13/$E$106,"") -> 0.012171267 | N13: =IFERROR(F13/$F$106,"") -> 0.015801354 | O13: cited and landed | P13: =IF(F13=0,"",_xlfn.MINIFS(Sessions!$A:$A,Sessions!$D:$D,$A13)) -> 46262 | Q13: =IF(F13=0,"",_xlfn.MAXIFS(Sessions!$A:$A,Sessions!$D:$D,$A13)) -> 46269 | R13: =SUMIFS(Sessions!$J:$J,Sessions!$D:$D,$A13) -> 5
A14: https://ipfirstresponse.ipaustralia.gov.au/options/infringement-101-patent-infringement | B14: /options/infringement-101-patent-infringement | C14: options | D14: Patent infringement | E14: 109 | F14: =SUMIFS(Sessions!$I:$I,Sessions!$D:$D,$A14) -> 3 | G14: =SUMIFS(Sessions!$I:$I,Sessions!$D:$D,$A14,Sessions!$B:$B,"ChatGPT") -> 3 | H14: =SUMIFS(Sessions!$I:$I,Sessions!$D:$D,$A14,Sessions!$B:$B,"Claude") -> 0 | I14: =SUMIFS(Sessions!$I:$I,Sessions!$D:$D,$A14,Sessions!$B:$B,"Gemini") -> 0 | J14: =SUMIFS(Sessions!$I:$I,Sessions!$D:$D,$A14,Sessions!$B:$B,"Copilot") -> 0 | K14: =IFERROR(F14/E14,"") -> 0.027522936 | L14: =IFERROR(J14/E14,"") -> 0 | M14: =IFERROR(E14/$E$106,"") -> 0.011845251 | N14: =IFERROR(F14/$F$106,"") -> 0.006772009 | O14: cited and landed | P14: =IF(F14=0,"",_xlfn.MINIFS(Sessions!$A:$A,Sessions!$D:$D,$A14)) -> 46230 | Q14: =IF(F14=0,"",_xlfn.MAXIFS(Sessions!$A:$A,Sessions!$D:$D,$A14)) -> 46258 | R14: =SUMIFS(Sessions!$J:$J,Sessions!$D:$D,$A14) -> 3
A15: https://ipfirstresponse.ipaustralia.gov.au/options/infringement-101-unregistered-trade-marks | B15: /options/infringement-101-unregistered-trade-marks | C15: options | D15: Unregistered trade marks | E15: 100 | F15: =SUMIFS(Sessions!$I:$I,Sessions!$D:$D,$A15) -> 27 | G15: =SUMIFS(Sessions!$I:$I,Sessions!$D:$D,$A15,Sessions!$B:$B,"ChatGPT") -> 25 | H15: =SUMIFS(Sessions!$I:$I,Sessions!$D:$D,$A15,Sessions!$B:$B,"Claude") -> 2 | I15: =SUMIFS(Sessions!$I:$I,Sessions!$D:$D,$A15,Sessions!$B:$B,"Gemini") -> 0 | J15: =SUMIFS(Sessions!$I:$I,Sessions!$D:$D,$A15,Sessions!$B:$B,"Copilot") -> 0 | K15: =IFERROR(F15/E15,"") -> 0.27 | L15: =IFERROR(J15/E15,"") -> 0 | M15: =IFERROR(E15/$E$106,"") -> 0.010867203 | N15: =IFERROR(F15/$F$106,"") -> 0.060948081 | O15: cited and landed | P15: =IF(F15=0,"",_xlfn.MINIFS(Sessions!$A:$A,Sessions!$D:$D,$A15)) -> 46157 | Q15: =IF(F15=0,"",_xlfn.MAXIFS(Sessions!$A:$A,Sessions!$D:$D,$A15)) -> 46273 | R15: =SUMIFS(Sessions!$J:$J,Sessions!$D:$D,$A15) -> 22
A16: https://ipfirstresponse.ipaustralia.gov.au/options/what-does-ip-protection-mean-my-business | B16: /options/what-does-ip-protection-mean-my-business | C16: options | E16: 99 | F16: =SUMIFS(Sessions!$I:$I,Sessions!$D:$D,$A16) -> 0 | G16: =SUMIFS(Sessions!$I:$I,Sessions!$D:$D,$A16,Sessions!$B:$B,"ChatGPT") -> 0 | H16: =SUMIFS(Sessions!$I:$I,Sessions!$D:$D,$A16,Sessions!$B:$B,"Claude") -> 0 | I16: =SUMIFS(Sessions!$I:$I,Sessions!$D:$D,$A16,Sessions!$B:$B,"Gemini") -> 0 | J16: =SUMIFS(Sessions!$I:$I,Sessions!$D:$D,$A16,Sessions!$B:$B,"Copilot") -> 0 | K16: =IFERROR(F16/E16,"") -> 0 | L16: =IFERROR(J16/E16,"") -> 0 | M16: =IFERROR(E16/$E$106,"") -> 0.010758531 | N16: =IFERROR(F16/$F$106,"") -> 0 | O16: cited, no landings | P16: =IF(F16=0,"",_xlfn.MINIFS(Sessions!$A:$A,Sessions!$D:$D,$A16)) | Q16: =IF(F16=0,"",_xlfn.MAXIFS(Sessions!$A:$A,Sessions!$D:$D,$A16)) | R16: =SUMIFS(Sessions!$J:$J,Sessions!$D:$D,$A16) -> 0
A17: https://ipfirstresponse.ipaustralia.gov.au/blogs/ive-got-abn-and-registered-business-name-do-i-need-registered-trade-mark-too | B17: /blogs/ive-got-abn-and-registered-business-name-do-i-need-registered-trade-mark-too | C17: blogs | D17: I’ve got an ABN and a registered business name – do I need a registered trade mark too? | E17: 90 | F17: =SUMIFS(Sessions!$I:$I,Sessions!$D:$D,$A17) -> 5 | G17: =SUMIFS(Sessions!$I:$I,Sessions!$D:$D,$A17,Sessions!$B:$B,"ChatGPT") -> 5 | H17: =SUMIFS(Sessions!$I:$I,Sessions!$D:$D,$A17,Sessions!$B:$B,"Claude") -> 0 | I17: =SUMIFS(Sessions!$I:$I,Sessions!$D:$D,$A17,Sessions!$B:$B,"Gemini") -> 0 | J17: =SUMIFS(Sessions!$I:$I,Sessions!$D:$D,$A17,Sessions!$B:$B,"Copilot") -> 0 | K17: =IFERROR(F17/E17,"") -> 0.055555556 | L17: =IFERROR(J17/E17,"") -> 0 | M17: =IFERROR(E17/$E$106,"") -> 0.0097804825 | N17: =IFERROR(F17/$F$106,"") -> 0.011286682 | O17: cited and landed | P17: =IF(F17=0,"",_xlfn.MINIFS(Sessions!$A:$A,Sessions!$D:$D,$A17)) -> 46197 | Q17: =IF(F17=0,"",_xlfn.MAXIFS(Sessions!$A:$A,Sessions!$D:$D,$A17)) -> 46273 | R17: =SUMIFS(Sessions!$J:$J,Sessions!$D:$D,$A17) -> 5
A18: https://ipfirstresponse.ipaustralia.gov.au/options/how-can-i-make-complaint-about-lawyer-or-attorney | B18: /options/how-can-i-make-complaint-about-lawyer-or-attorney | C18: options | E18: 89 | F18: =SUMIFS(Sessions!$I:$I,Sessions!$D:$D,$A18) -> 0 | G18: =SUMIFS(Sessions!$I:$I,Sessions!$D:$D,$A18,Sessions!$B:$B,"ChatGPT") -> 0 | H18: =SUMIFS(Sessions!$I:$I,Sessions!$D:$D,$A18,Sessions!$B:$B,"Claude") -> 0 | I18: =SUMIFS(Sessions!$I:$I,Sessions!$D:$D,$A18,Sessions!$B:$B,"Gemini") -> 0 | J18: =SUMIFS(Sessions!$I:$I,Sessions!$D:$D,$A18,Sessions!$B:$B,"Copilot") -> 0 | K18: =IFERROR(F18/E18,"") -> 0 | L18: =IFERROR(J18/E18,"") -> 0 | M18: =IFERROR(E18/$E$106,"") -> 0.0096718105 | N18: =IFERROR(F18/$F$106,"") -> 0 | O18: cited, no landings | P18: =IF(F18=0,"",_xlfn.MINIFS(Sessions!$A:$A,Sessions!$D:$D,$A18)) | Q18: =IF(F18=0,"",_xlfn.MAXIFS(Sessions!$A:$A,Sessions!$D:$D,$A18)) | R18: =SUMIFS(Sessions!$J:$J,Sessions!$D:$D,$A18) -> 0
A19: https://ipfirstresponse.ipaustralia.gov.au/options/request-ip-australia-remove-unused-trade-mark-defend-your-right | B19: /options/request-ip-australia-remove-unused-trade-mark-defend-your-right | C19: options | E19: 89 | F19: =SUMIFS(Sessions!$I:$I,Sessions!$D:$D,$A19) -> 0 | G19: =SUMIFS(Sessions!$I:$I,Sessions!$D:$D,$A19,Sessions!$B:$B,"ChatGPT") -> 0 | H19: =SUMIFS(Sessions!$I:$I,Sessions!$D:$D,$A19,Sessions!$B:$B,"Claude") -> 0 | I19: =SUMIFS(Sessions!$I:$I,Sessions!$D:$D,$A19,Sessions!$B:$B,"Gemini") -> 0 | J19: =SUMIFS(Sessions!$I:$I,Sessions!$D:$D,$A19,Sessions!$B:$B,"Copilot") -> 0 | K19: =IFERROR(F19/E19,"") -> 0 | L19: =IFERROR(J19/E19,"") -> 0 | M19: =IFERROR(E19/$E$106,"") -> 0.0096718105 | N19: =IFERROR(F19/$F$106,"") -> 0 | O19: cited, no landings | P19: =IF(F19=0,"",_xlfn.MINIFS(Sessions!$A:$A,Sessions!$D:$D,$A19)) | Q19: =IF(F19=0,"",_xlfn.MAXIFS(Sessions!$A:$A,Sessions!$D:$D,$A19)) | R19: =SUMIFS(Sessions!$J:$J,Sessions!$D:$D,$A19) -> 0
A20: https://ipfirstresponse.ipaustralia.gov.au/options/develop-strategy-manage-your-ip | B20: /options/develop-strategy-manage-your-ip | C20: options | D20: Develop a strategy to manage your IP | E20: 85 | F20: =SUMIFS(Sessions!$I:$I,Sessions!$D:$D,$A20) -> 5 | G20: =SUMIFS(Sessions!$I:$I,Sessions!$D:$D,$A20,Sessions!$B:$B,"ChatGPT") -> 5 | H20: =SUMIFS(Sessions!$I:$I,Sessions!$D:$D,$A20,Sessions!$B:$B,"Claude") -> 0 | I20: =SUMIFS(Sessions!$I:$I,Sessions!$D:$D,$A20,Sessions!$B:$B,"Gemini") -> 0 | J20: =SUMIFS(Sessions!$I:$I,Sessions!$D:$D,$A20,Sessions!$B:$B,"Copilot") -> 0 | K20: =IFERROR(F20/E20,"") -> 0.058823529 | L20: =IFERROR(J20/E20,"") -> 0 | M20: =IFERROR(E20/$E$106,"") -> 0.0092371224 | N20: =IFERROR(F20/$F$106,"") -> 0.011286682 | O20: cited and landed | P20: =IF(F20=0,"",_xlfn.MINIFS(Sessions!$A:$A,Sessions!$D:$D,$A20)) -> 46260 | Q20: =IF(F20=0,"",_xlfn.MAXIFS(Sessions!$A:$A,Sessions!$D:$D,$A20)) -> 46267 | R20: =SUMIFS(Sessions!$J:$J,Sessions!$D:$D,$A20) -> 3
A21: https://ipfirstresponse.ipaustralia.gov.au/options/ASBFEO | B21: /options/ASBFEO | C21: options | E21: 80 | F21: =SUMIFS(Sessions!$I:$I,Sessions!$D:$D,$A21) -> 0 | G21: =SUMIFS(Sessions!$I:$I,Sessions!$D:$D,$A21,Sessions!$B:$B,"ChatGPT") -> 0 | H21: =SUMIFS(Sessions!$I:$I,Sessions!$D:$D,$A21,Sessions!$B:$B,"Claude") -> 0 | I21: =SUMIFS(Sessions!$I:$I,Sessions!$D:$D,$A21,Sessions!$B:$B,"Gemini") -> 0 | J21: =SUMIFS(Sessions!$I:$I,Sessions!$D:$D,$A21,Sessions!$B:$B,"Copilot") -> 0 | K21: =IFERROR(F21/E21,"") -> 0 | L21: =IFERROR(J21/E21,"") -> 0 | M21: =IFERROR(E21/$E$106,"") -> 0.0086937622 | N21: =IFERROR(F21/$F$106,"") -> 0 | O21: cited, no landings | P21: =IF(F21=0,"",_xlfn.MINIFS(Sessions!$A:$A,Sessions!$D:$D,$A21)) | Q21: =IF(F21=0,"",_xlfn.MAXIFS(Sessions!$A:$A,Sessions!$D:$D,$A21)) | R21: =SUMIFS(Sessions!$J:$J,Sessions!$D:$D,$A21) -> 0
A22: https://ipfirstresponse.ipaustralia.gov.au/options/court-patents | B22: /options/court-patents | C22: options | D22: Seek binding, authoritative decisions | E22: 77 | F22: =SUMIFS(Sessions!$I:$I,Sessions!$D:$D,$A22) -> 1 | G22: =SUMIFS(Sessions!$I:$I,Sessions!$D:$D,$A22,Sessions!$B:$B,"ChatGPT") -> 0 | H22: =SUMIFS(Sessions!$I:$I,Sessions!$D:$D,$A22,Sessions!$B:$B,"Claude") -> 1 | I22: =SUMIFS(Sessions!$I:$I,Sessions!$D:$D,$A22,Sessions!$B:$B,"Gemini") -> 0 | J22: =SUMIFS(Sessions!$I:$I,Sessions!$D:$D,$A22,Sessions!$B:$B,"Copilot") -> 0 | K22: =IFERROR(F22/E22,"") -> 0.012987013 | L22: =IFERROR(J22/E22,"") -> 0 | M22: =IFERROR(E22/$E$106,"") -> 0.0083677461 | N22: =IFERROR(F22/$F$106,"") -> 0.0022573363 | O22: cited and landed | P22: =IF(F22=0,"",_xlfn.MINIFS(Sessions!$A:$A,Sessions!$D:$D,$A22)) -> 46167 | Q22: =IF(F22=0,"",_xlfn.MAXIFS(Sessions!$A:$A,Sessions!$D:$D,$A22)) -> 46167 | R22: =SUMIFS(Sessions!$J:$J,Sessions!$D:$D,$A22) -> 1
A23: https://ipfirstresponse.ipaustralia.gov.au/options/infringement-101-design-infringement | B23: /options/infringement-101-design-infringement | C23: options | D23: Design infringement | E23: 75 | F23: =SUMIFS(Sessions!$I:$I,Sessions!$D:$D,$A23) -> 11 | G23: =SUMIFS(Sessions!$I:$I,Sessions!$D:$D,$A23,Sessions!$B:$B,"ChatGPT") -> 11 | H23: =SUMIFS(Sessions!$I:$I,Sessions!$D:$D,$A23,Sessions!$B:$B,"Claude") -> 0 | I23: =SUMIFS(Sessions!$I:$I,Sessions!$D:$D,$A23,Sessions!$B:$B,"Gemini") -> 0 | J23: =SUMIFS(Sessions!$I:$I,Sessions!$D:$D,$A23,Sessions!$B:$B,"Copilot") -> 0 | K23: =IFERROR(F23/E23,"") -> 0.14666667 | L23: =IFERROR(J23/E23,"") -> 0 | M23: =IFERROR(E23/$E$106,"") -> 0.0081504021 | N23: =IFERROR(F23/$F$106,"") -> 0.0248307 | O23: cited and landed | P23: =IF(F23=0,"",_xlfn.MINIFS(Sessions!$A:$A,Sessions!$D:$D,$A23)) -> 46161 | Q23: =IF(F23=0,"",_xlfn.MAXIFS(Sessions!$A:$A,Sessions!$D:$D,$A23)) -> 46270 | R23: =SUMIFS(Sessions!$J:$J,Sessions!$D:$D,$A23) -> 10
A24: https://ipfirstresponse.ipaustralia.gov.au/options/infringement-101-how-avoid-infringing-others-intellectual-property | B24: /options/infringement-101-how-avoid-infringing-others-intellectual-property | C24: options | D24: How to avoid infringing others' intellectual property | E24: 75 | F24: =SUMIFS(Sessions!$I:$I,Sessions!$D:$D,$A24) -> 4 | G24: =SUMIFS(Sessions!$I:$I,Sessions!$D:$D,$A24,Sessions!$B:$B,"ChatGPT") -> 3 | H24: =SUMIFS(Sessions!$I:$I,Sessions!$D:$D,$A24,Sessions!$B:$B,"Claude") -> 0 | I24: =SUMIFS(Sessions!$I:$I,Sessions!$D:$D,$A24,Sessions!$B:$B,"Gemini") -> 0 | J24: =SUMIFS(Sessions!$I:$I,Sessions!$D:$D,$A24,Sessions!$B:$B,"Copilot") -> 1 | K24: =IFERROR(F24/E24,"") -> 0.053333333 | L24: =IFERROR(J24/E24,"") -> 0.013333333 | M24: =IFERROR(E24/$E$106,"") -> 0.0081504021 | N24: =IFERROR(F24/$F$106,"") -> 0.0090293454 | O24: cited and landed | P24: =IF(F24=0,"",_xlfn.MINIFS(Sessions!$A:$A,Sessions!$D:$D,$A24)) -> 46248 | Q24: =IF(F24=0,"",_xlfn.MAXIFS(Sessions!$A:$A,Sessions!$D:$D,$A24)) -> 46275 | R24: =SUMIFS(Sessions!$J:$J,Sessions!$D:$D,$A24) -> 4
A25: https://ipfirstresponse.ipaustralia.gov.au/options/report-scam-fraud-or-risk-public-interest | B25: /options/report-scam-fraud-or-risk-public-interest | C25: options | D25: Report a scam, fraud or risk to public interest | E25: 71 | F25: =SUMIFS(Sessions!$I:$I,Sessions!$D:$D,$A25) -> 6 | G25: =SUMIFS(Sessions!$I:$I,Sessions!$D:$D,$A25,Sessions!$B:$B,"ChatGPT") -> 1 | H25: =SUMIFS(Sessions!$I:$I,Sessions!$D:$D,$A25,Sessions!$B:$B,"Claude") -> 1 | I25: =SUMIFS(Sessions!$I:$I,Sessions!$D:$D,$A25,Sessions!$B:$B,"Gemini") -> 4 | J25: =SUMIFS(Sessions!$I:$I,Sessions!$D:$D,$A25,Sessions!$B:$B,"Copilot") -> 0 | K25: =IFERROR(F25/E25,"") -> 0.084507042 | L25: =IFERROR(J25/E25,"") -> 0 | M25: =IFERROR(E25/$E$106,"") -> 0.007715714 | N25: =IFERROR(F25/$F$106,"") -> 0.013544018 | O25: cited and landed | P25: =IF(F25=0,"",_xlfn.MINIFS(Sessions!$A:$A,Sessions!$D:$D,$A25)) -> 46183 | Q25: =IF(F25=0,"",_xlfn.MAXIFS(Sessions!$A:$A,Sessions!$D:$D,$A25)) -> 46251 | R25: =SUMIFS(Sessions!$J:$J,Sessions!$D:$D,$A25) -> 6
A26: https://ipfirstresponse.ipaustralia.gov.au/options/infringement-101-what-do-if-someone-infringes-your-ip | B26: /options/infringement-101-what-do-if-someone-infringes-your-ip | C26: options | D26: What to do if someone infringes your IP | E26: 71 | F26: =SUMIFS(Sessions!$I:$I,Sessions!$D:$D,$A26) -> 1 | G26: =SUMIFS(Sessions!$I:$I,Sessions!$D:$D,$A26,Sessions!$B:$B,"ChatGPT") -> 1 | H26: =SUMIFS(Sessions!$I:$I,Sessions!$D:$D,$A26,Sessions!$B:$B,"Claude") -> 0 | I26: =SUMIFS(Sessions!$I:$I,Sessions!$D:$D,$A26,Sessions!$B:$B,"Gemini") -> 0 | J26: =SUMIFS(Sessions!$I:$I,Sessions!$D:$D,$A26,Sessions!$B:$B,"Copilot") -> 0 | K26: =IFERROR(F26/E26,"") -> 0.014084507 | L26: =IFERROR(J26/E26,"") -> 0 | M26: =IFERROR(E26/$E$106,"") -> 0.007715714 | N26: =IFERROR(F26/$F$106,"") -> 0.0022573363 | O26: cited and landed | P26: =IF(F26=0,"",_xlfn.MINIFS(Sessions!$A:$A,Sessions!$D:$D,$A26)) -> 46244 | Q26: =IF(F26=0,"",_xlfn.MAXIFS(Sessions!$A:$A,Sessions!$D:$D,$A26)) -> 46244 | R26: =SUMIFS(Sessions!$J:$J,Sessions!$D:$D,$A26) -> 1
A27: https://ipfirstresponse.ipaustralia.gov.au/options/dispute-au-domain-name | B27: /options/dispute-au-domain-name | C27: options | D27: Dispute a domain name that infringes your trade mark | E27: 67 | F27: =SUMIFS(Sessions!$I:$I,Sessions!$D:$D,$A27) -> 3 | G27: =SUMIFS(Sessions!$I:$I,Sessions!$D:$D,$A27,Sessions!$B:$B,"ChatGPT") -> 3 | H27: =SUMIFS(Sessions!$I:$I,Sessions!$D:$D,$A27,Sessions!$B:$B,"Claude") -> 0 | I27: =SUMIFS(Sessions!$I:$I,Sessions!$D:$D,$A27,Sessions!$B:$B,"Gemini") -> 0 | J27: =SUMIFS(Sessions!$I:$I,Sessions!$D:$D,$A27,Sessions!$B:$B,"Copilot") -> 0 | K27: =IFERROR(F27/E27,"") -> 0.044776119 | L27: =IFERROR(J27/E27,"") -> 0 | M27: =IFERROR(E27/$E$106,"") -> 0.0072810259 | N27: =IFERROR(F27/$F$106,"") -> 0.006772009 | O27: cited and landed | P27: =IF(F27=0,"",_xlfn.MINIFS(Sessions!$A:$A,Sessions!$D:$D,$A27)) -> 46251 | Q27: =IF(F27=0,"",_xlfn.MAXIFS(Sessions!$A:$A,Sessions!$D:$D,$A27)) -> 46264 | R27: =SUMIFS(Sessions!$J:$J,Sessions!$D:$D,$A27) -> 3
A28: https://ipfirstresponse.ipaustralia.gov.au/options/considerations-when-using-artificial-intelligence-create-ip-0 | B28: /options/considerations-when-using-artificial-intelligence-create-ip-0 | C28: options | D28: Considerations when using artificial intelligence to create IP | E28: 60 | F28: =SUMIFS(Sessions!$I:$I,Sessions!$D:$D,$A28) -> 44 | G28: =SUMIFS(Sessions!$I:$I,Sessions!$D:$D,$A28,Sessions!$B:$B,"ChatGPT") -> 42 | H28: =SUMIFS(Sessions!$I:$I,Sessions!$D:$D,$A28,Sessions!$B:$B,"Claude") -> 2 | I28: =SUMIFS(Sessions!$I:$I,Sessions!$D:$D,$A28,Sessions!$B:$B,"Gemini") -> 0 | J28: =SUMIFS(Sessions!$I:$I,Sessions!$D:$D,$A28,Sessions!$B:$B,"Copilot") -> 0 | K28: =IFERROR(F28/E28,"") -> 0.73333333 | L28: =IFERROR(J28/E28,"") -> 0 | M28: =IFERROR(E28/$E$106,"") -> 0.0065203217 | N28: =IFERROR(F28/$F$106,"") -> 0.099322799 | O28: cited and landed | P28: =IF(F28=0,"",_xlfn.MINIFS(Sessions!$A:$A,Sessions!$D:$D,$A28)) -> 46158 | Q28: =IF(F28=0,"",_xlfn.MAXIFS(Sessions!$A:$A,Sessions!$D:$D,$A28)) -> 46275 | R28: =SUMIFS(Sessions!$J:$J,Sessions!$D:$D,$A28) -> 27
A29: https://ipfirstresponse.ipaustralia.gov.au/blogs/why-every-creative-business-needs-ip-strategy-day-one | B29: /blogs/why-every-creative-business-needs-ip-strategy-day-one | C29: blogs | E29: 60 | F29: =SUMIFS(Sessions!$I:$I,Sessions!$D:$D,$A29) -> 0 | G29: =SUMIFS(Sessions!$I:$I,Sessions!$D:$D,$A29,Sessions!$B:$B,"ChatGPT") -> 0 | H29: =SUMIFS(Sessions!$I:$I,Sessions!$D:$D,$A29,Sessions!$B:$B,"Claude") -> 0 | I29: =SUMIFS(Sessions!$I:$I,Sessions!$D:$D,$A29,Sessions!$B:$B,"Gemini") -> 0 | J29: =SUMIFS(Sessions!$I:$I,Sessions!$D:$D,$A29,Sessions!$B:$B,"Copilot") -> 0 | K29: =IFERROR(F29/E29,"") -> 0 | L29: =IFERROR(J29/E29,"") -> 0 | M29: =IFERROR(E29/$E$106,"") -> 0.0065203217 | N29: =IFERROR(F29/$F$106,"") -> 0 | O29: cited, no landings | P29: =IF(F29=0,"",_xlfn.MINIFS(Sessions!$A:$A,Sessions!$D:$D,$A29)) | Q29: =IF(F29=0,"",_xlfn.MAXIFS(Sessions!$A:$A,Sessions!$D:$D,$A29)) | R29: =SUMIFS(Sessions!$J:$J,Sessions!$D:$D,$A29) -> 0
A30: https://ipfirstresponse.ipaustralia.gov.au/options/what-happens-ip-australia-hearing | B30: /options/what-happens-ip-australia-hearing | C30: options | E30: 54 | F30: =SUMIFS(Sessions!$I:$I,Sessions!$D:$D,$A30) -> 0 | G30: =SUMIFS(Sessions!$I:$I,Sessions!$D:$D,$A30,Sessions!$B:$B,"ChatGPT") -> 0 | H30: =SUMIFS(Sessions!$I:$I,Sessions!$D:$D,$A30,Sessions!$B:$B,"Claude") -> 0 | I30: =SUMIFS(Sessions!$I:$I,Sessions!$D:$D,$A30,Sessions!$B:$B,"Gemini") -> 0 | J30: =SUMIFS(Sessions!$I:$I,Sessions!$D:$D,$A30,Sessions!$B:$B,"Copilot") -> 0 | K30: =IFERROR(F30/E30,"") -> 0 | L30: =IFERROR(J30/E30,"") -> 0 | M30: =IFERROR(E30/$E$106,"") -> 0.0058682895 | N30: =IFERROR(F30/$F$106,"") -> 0 | O30: cited, no landings | P30: =IF(F30=0,"",_xlfn.MINIFS(Sessions!$A:$A,Sessions!$D:$D,$A30)) | Q30: =IF(F30=0,"",_xlfn.MAXIFS(Sessions!$A:$A,Sessions!$D:$D,$A30)) | R30: =SUMIFS(Sessions!$J:$J,Sessions!$D:$D,$A30) -> 0
A31: https://ipfirstresponse.ipaustralia.gov.au/options/free-ip-tools-you-can-use | B31: /options/free-ip-tools-you-can-use | C31: options | D31: Free IP tools you can use | E31: 53 | F31: =SUMIFS(Sessions!$I:$I,Sessions!$D:$D,$A31) -> 1 | G31: =SUMIFS(Sessions!$I:$I,Sessions!$D:$D,$A31,Sessions!$B:$B,"ChatGPT") -> 1 | H31: =SUMIFS(Sessions!$I:$I,Sessions!$D:$D,$A31,Sessions!$B:$B,"Claude") -> 0 | I31: =SUMIFS(Sessions!$I:$I,Sessions!$D:$D,$A31,Sessions!$B:$B,"Gemini") -> 0 | J31: =SUMIFS(Sessions!$I:$I,Sessions!$D:$D,$A31,Sessions!$B:$B,"Copilot") -> 0 | K31: =IFERROR(F31/E31,"") -> 0.018867925 | L31: =IFERROR(J31/E31,"") -> 0 | M31: =IFERROR(E31/$E$106,"") -> 0.0057596175 | N31: =IFERROR(F31/$F$106,"") -> 0.0022573363 | O31: cited and landed | P31: =IF(F31=0,"",_xlfn.MINIFS(Sessions!$A:$A,Sessions!$D:$D,$A31)) -> 46266 | Q31: =IF(F31=0,"",_xlfn.MAXIFS(Sessions!$A:$A,Sessions!$D:$D,$A31)) -> 46266 | R31: =SUMIFS(Sessions!$J:$J,Sessions!$D:$D,$A31) -> 1
A32: https://ipfirstresponse.ipaustralia.gov.au/options/check-your-product-against-existing-designs | B32: /options/check-your-product-against-existing-designs | C32: options | D32: Check your product against existing designs | E32: 51 | F32: =SUMIFS(Sessions!$I:$I,Sessions!$D:$D,$A32) -> 11 | G32: =SUMIFS(Sessions!$I:$I,Sessions!$D:$D,$A32,Sessions!$B:$B,"ChatGPT") -> 11 | H32: =SUMIFS(Sessions!$I:$I,Sessions!$D:$D,$A32,Sessions!$B:$B,"Claude") -> 0 | I32: =SUMIFS(Sessions!$I:$I,Sessions!$D:$D,$A32,Sessions!$B:$B,"Gemini") -> 0 | J32: =SUMIFS(Sessions!$I:$I,Sessions!$D:$D,$A32,Sessions!$B:$B,"Copilot") -> 0 | K32: =IFERROR(F32/E32,"") -> 0.21568627 | L32: =IFERROR(J32/E32,"") -> 0 | M32: =IFERROR(E32/$E$106,"") -> 0.0055422734 | N32: =IFERROR(F32/$F$106,"") -> 0.0248307 | O32: cited and landed | P32: =IF(F32=0,"",_xlfn.MINIFS(Sessions!$A:$A,Sessions!$D:$D,$A32)) -> 46245 | Q32: =IF(F32=0,"",_xlfn.MAXIFS(Sessions!$A:$A,Sessions!$D:$D,$A32)) -> 46265 | R32: =SUMIFS(Sessions!$J:$J,Sessions!$D:$D,$A32) -> 8
A33: https://ipfirstresponse.ipaustralia.gov.au/options/mediation | B33: /options/mediation | C33: options | D33: Resolve IP issues with the help of a third party | E33: 49 | F33: =SUMIFS(Sessions!$I:$I,Sessions!$D:$D,$A33) -> 2 | G33: =SUMIFS(Sessions!$I:$I,Sessions!$D:$D,$A33,Sessions!$B:$B,"ChatGPT") -> 2 | H33: =SUMIFS(Sessions!$I:$I,Sessions!$D:$D,$A33,Sessions!$B:$B,"Claude") -> 0 | I33: =SUMIFS(Sessions!$I:$I,Sessions!$D:$D,$A33,Sessions!$B:$B,"Gemini") -> 0 | J33: =SUMIFS(Sessions!$I:$I,Sessions!$D:$D,$A33,Sessions!$B:$B,"Copilot") -> 0 | K33: =IFERROR(F33/E33,"") -> 0.040816327 | L33: =IFERROR(J33/E33,"") -> 0 | M33: =IFERROR(E33/$E$106,"") -> 0.0053249294 | N33: =IFERROR(F33/$F$106,"") -> 0.0045146727 | O33: cited and landed | P33: =IF(F33=0,"",_xlfn.MINIFS(Sessions!$A:$A,Sessions!$D:$D,$A33)) -> 46229 | Q33: =IF(F33=0,"",_xlfn.MAXIFS(Sessions!$A:$A,Sessions!$D:$D,$A33)) -> 46229 | R33: =SUMIFS(Sessions!$J:$J,Sessions!$D:$D,$A33) -> 1
A34: https://ipfirstresponse.ipaustralia.gov.au/options/challenge-registration-new-trade-mark | B34: /options/challenge-registration-new-trade-mark | C34: options | D34: Challenge the registration of a new trade mark | E34: 48 | F34: =SUMIFS(Sessions!$I:$I,Sessions!$D:$D,$A34) -> 5 | G34: =SUMIFS(Sessions!$I:$I,Sessions!$D:$D,$A34,Sessions!$B:$B,"ChatGPT") -> 4 | H34: =SUMIFS(Sessions!$I:$I,Sessions!$D:$D,$A34,Sessions!$B:$B,"Claude") -> 1 | I34: =SUMIFS(Sessions!$I:$I,Sessions!$D:$D,$A34,Sessions!$B:$B,"Gemini") -> 0 | J34: =SUMIFS(Sessions!$I:$I,Sessions!$D:$D,$A34,Sessions!$B:$B,"Copilot") -> 0 | K34: =IFERROR(F34/E34,"") -> 0.10416667 | L34: =IFERROR(J34/E34,"") -> 0 | M34: =IFERROR(E34/$E$106,"") -> 0.0052162573 | N34: =IFERROR(F34/$F$106,"") -> 0.011286682 | O34: cited and landed | P34: =IF(F34=0,"",_xlfn.MINIFS(Sessions!$A:$A,Sessions!$D:$D,$A34)) -> 46256 | Q34: =IF(F34=0,"",_xlfn.MAXIFS(Sessions!$A:$A,Sessions!$D:$D,$A34)) -> 46273 | R34: =SUMIFS(Sessions!$J:$J,Sessions!$D:$D,$A34) -> 3
A35: https://ipfirstresponse.ipaustralia.gov.au/options/stop-infringing-goods-entering-country | B35: /options/stop-infringing-goods-entering-country | C35: options | D35: Stop infringing goods entering the country | E35: 43 | F35: =SUMIFS(Sessions!$I:$I,Sessions!$D:$D,$A35) -> 3 | G35: =SUMIFS(Sessions!$I:$I,Sessions!$D:$D,$A35,Sessions!$B:$B,"ChatGPT") -> 3 | H35: =SUMIFS(Sessions!$I:$I,Sessions!$D:$D,$A35,Sessions!$B:$B,"Claude") -> 0 | I35: =SUMIFS(Sessions!$I:$I,Sessions!$D:$D,$A35,Sessions!$B:$B,"Gemini") -> 0 | J35: =SUMIFS(Sessions!$I:$I,Sessions!$D:$D,$A35,Sessions!$B:$B,"Copilot") -> 0 | K35: =IFERROR(F35/E35,"") -> 0.069767442 | L35: =IFERROR(J35/E35,"") -> 0 | M35: =IFERROR(E35/$E$106,"") -> 0.0046728972 | N35: =IFERROR(F35/$F$106,"") -> 0.006772009 | O35: cited and landed | P35: =IF(F35=0,"",_xlfn.MINIFS(Sessions!$A:$A,Sessions!$D:$D,$A35)) -> 46163 | Q35: =IF(F35=0,"",_xlfn.MAXIFS(Sessions!$A:$A,Sessions!$D:$D,$A35)) -> 46206 | R35: =SUMIFS(Sessions!$J:$J,Sessions!$D:$D,$A35) -> 3
A36: https://ipfirstresponse.ipaustralia.gov.au/options/request-early-examination-your-application-ip-rights | B36: /options/request-early-examination-your-application-ip-rights | C36: options | E36: 42 | F36: =SUMIFS(Sessions!$I:$I,Sessions!$D:$D,$A36) -> 0 | G36: =SUMIFS(Sessions!$I:$I,Sessions!$D:$D,$A36,Sessions!$B:$B,"ChatGPT") -> 0 | H36: =SUMIFS(Sessions!$I:$I,Sessions!$D:$D,$A36,Sessions!$B:$B,"Claude") -> 0 | I36: =SUMIFS(Sessions!$I:$I,Sessions!$D:$D,$A36,Sessions!$B:$B,"Gemini") -> 0 | J36: =SUMIFS(Sessions!$I:$I,Sessions!$D:$D,$A36,Sessions!$B:$B,"Copilot") -> 0 | K36: =IFERROR(F36/E36,"") -> 0 | L36: =IFERROR(J36/E36,"") -> 0 | M36: =IFERROR(E36/$E$106,"") -> 0.0045642252 | N36: =IFERROR(F36/$F$106,"") -> 0 | O36: cited, no landings | P36: =IF(F36=0,"",_xlfn.MINIFS(Sessions!$A:$A,Sessions!$D:$D,$A36)) | Q36: =IF(F36=0,"",_xlfn.MAXIFS(Sessions!$A:$A,Sessions!$D:$D,$A36)) | R36: =SUMIFS(Sessions!$J:$J,Sessions!$D:$D,$A36) -> 0
A37: https://ipfirstresponse.ipaustralia.gov.au/options/apply-patent-protect-your-invention-being-copied | B37: /options/apply-patent-protect-your-invention-being-copied | C37: options | D37: Apply for a patent to protect your invention from being copied | E37: 41 | F37: =SUMIFS(Sessions!$I:$I,Sessions!$D:$D,$A37) -> 2 | G37: =SUMIFS(Sessions!$I:$I,Sessions!$D:$D,$A37,Sessions!$B:$B,"ChatGPT") -> 2 | H37: =SUMIFS(Sessions!$I:$I,Sessions!$D:$D,$A37,Sessions!$B:$B,"Claude") -> 0 | I37: =SUMIFS(Sessions!$I:$I,Sessions!$D:$D,$A37,Sessions!$B:$B,"Gemini") -> 0 | J37: =SUMIFS(Sessions!$I:$I,Sessions!$D:$D,$A37,Sessions!$B:$B,"Copilot") -> 0 | K37: =IFERROR(F37/E37,"") -> 0.048780488 | L37: =IFERROR(J37/E37,"") -> 0 | M37: =IFERROR(E37/$E$106,"") -> 0.0044555531 | N37: =IFERROR(F37/$F$106,"") -> 0.0045146727 | O37: cited and landed | P37: =IF(F37=0,"",_xlfn.MINIFS(Sessions!$A:$A,Sessions!$D:$D,$A37)) -> 46246 | Q37: =IF(F37=0,"",_xlfn.MAXIFS(Sessions!$A:$A,Sessions!$D:$D,$A37)) -> 46247 | R37: =SUMIFS(Sessions!$J:$J,Sessions!$D:$D,$A37) -> 2
A38: https://ipfirstresponse.ipaustralia.gov.au/options/infringement-101-addressing-overseas-infringement | B38: /options/infringement-101-addressing-overseas-infringement | C38: options | E38: 41 | F38: =SUMIFS(Sessions!$I:$I,Sessions!$D:$D,$A38) -> 0 | G38: =SUMIFS(Sessions!$I:$I,Sessions!$D:$D,$A38,Sessions!$B:$B,"ChatGPT") -> 0 | H38: =SUMIFS(Sessions!$I:$I,Sessions!$D:$D,$A38,Sessions!$B:$B,"Claude") -> 0 | I38: =SUMIFS(Sessions!$I:$I,Sessions!$D:$D,$A38,Sessions!$B:$B,"Gemini") -> 0 | J38: =SUMIFS(Sessions!$I:$I,Sessions!$D:$D,$A38,Sessions!$B:$B,"Copilot") -> 0 | K38: =IFERROR(F38/E38,"") -> 0 | L38: =IFERROR(J38/E38,"") -> 0 | M38: =IFERROR(E38/$E$106,"") -> 0.0044555531 | N38: =IFERROR(F38/$F$106,"") -> 0 | O38: cited, no landings | P38: =IF(F38=0,"",_xlfn.MINIFS(Sessions!$A:$A,Sessions!$D:$D,$A38)) | Q38: =IF(F38=0,"",_xlfn.MAXIFS(Sessions!$A:$A,Sessions!$D:$D,$A38)) | R38: =SUMIFS(Sessions!$J:$J,Sessions!$D:$D,$A38) -> 0
A39: https://ipfirstresponse.ipaustralia.gov.au/tips-and-tricks-searching-existing-right | B39: /tips-and-tricks-searching-existing-right | C39: (top level) | D39: Tips and tricks for searching for an existing right | E39: 40 | F39: =SUMIFS(Sessions!$I:$I,Sessions!$D:$D,$A39) -> 14 | G39: =SUMIFS(Sessions!$I:$I,Sessions!$D:$D,$A39,Sessions!$B:$B,"ChatGPT") -> 13 | H39: =SUMIFS(Sessions!$I:$I,Sessions!$D:$D,$A39,Sessions!$B:$B,"Claude") -> 0 | I39: =SUMIFS(Sessions!$I:$I,Sessions!$D:$D,$A39,Sessions!$B:$B,"Gemini") -> 1 | J39: =SUMIFS(Sessions!$I:$I,Sessions!$D:$D,$A39,Sessions!$B:$B,"Copilot") -> 0 | K39: =IFERROR(F39/E39,"") -> 0.35 | L39: =IFERROR(J39/E39,"") -> 0 | M39: =IFERROR(E39/$E$106,"") -> 0.0043468811 | N39: =IFERROR(F39/$F$106,"") -> 0.031602709 | O39: cited and landed | P39: =IF(F39=0,"",_xlfn.MINIFS(Sessions!$A:$A,Sessions!$D:$D,$A39)) -> 46164 | Q39: =IF(F39=0,"",_xlfn.MAXIFS(Sessions!$A:$A,Sessions!$D:$D,$A39)) -> 46275 | R39: =SUMIFS(Sessions!$J:$J,Sessions!$D:$D,$A39) -> 14
A40: https://ipfirstresponse.ipaustralia.gov.au/options/what-ip-and-how-does-it-protect-me | B40: /options/what-ip-and-how-does-it-protect-me | C40: options | D40: What is IP and how does it protect me? | E40: 38 | F40: =SUMIFS(Sessions!$I:$I,Sessions!$D:$D,$A40) -> 5 | G40: =SUMIFS(Sessions!$I:$I,Sessions!$D:$D,$A40,Sessions!$B:$B,"ChatGPT") -> 5 | H40: =SUMIFS(Sessions!$I:$I,Sessions!$D:$D,$A40,Sessions!$B:$B,"Claude") -> 0 | I40: =SUMIFS(Sessions!$I:$I,Sessions!$D:$D,$A40,Sessions!$B:$B,"Gemini") -> 0 | J40: =SUMIFS(Sessions!$I:$I,Sessions!$D:$D,$A40,Sessions!$B:$B,"Copilot") -> 0 | K40: =IFERROR(F40/E40,"") -> 0.13157895 | L40: =IFERROR(J40/E40,"") -> 0 | M40: =IFERROR(E40/$E$106,"") -> 0.0041295371 | N40: =IFERROR(F40/$F$106,"") -> 0.011286682 | O40: cited and landed | P40: =IF(F40=0,"",_xlfn.MINIFS(Sessions!$A:$A,Sessions!$D:$D,$A40)) -> 46243 | Q40: =IF(F40=0,"",_xlfn.MAXIFS(Sessions!$A:$A,Sessions!$D:$D,$A40)) -> 46269 | R40: =SUMIFS(Sessions!$J:$J,Sessions!$D:$D,$A40) -> 4
A41: https://ipfirstresponse.ipaustralia.gov.au/options/trade-mark-revocation | B41: /options/trade-mark-revocation | C41: options | D41: Remove a trade mark from the register | E41: 36 | F41: =SUMIFS(Sessions!$I:$I,Sessions!$D:$D,$A41) -> 2 | G41: =SUMIFS(Sessions!$I:$I,Sessions!$D:$D,$A41,Sessions!$B:$B,"ChatGPT") -> 2 | H41: =SUMIFS(Sessions!$I:$I,Sessions!$D:$D,$A41,Sessions!$B:$B,"Claude") -> 0 | I41: =SUMIFS(Sessions!$I:$I,Sessions!$D:$D,$A41,Sessions!$B:$B,"Gemini") -> 0 | J41: =SUMIFS(Sessions!$I:$I,Sessions!$D:$D,$A41,Sessions!$B:$B,"Copilot") -> 0 | K41: =IFERROR(F41/E41,"") -> 0.055555556 | L41: =IFERROR(J41/E41,"") -> 0 | M41: =IFERROR(E41/$E$106,"") -> 0.003912193 | N41: =IFERROR(F41/$F$106,"") -> 0.0045146727 | O41: cited and landed | P41: =IF(F41=0,"",_xlfn.MINIFS(Sessions!$A:$A,Sessions!$D:$D,$A41)) -> 46265 | Q41: =IF(F41=0,"",_xlfn.MAXIFS(Sessions!$A:$A,Sessions!$D:$D,$A41)) -> 46268 | R41: =SUMIFS(Sessions!$J:$J,Sessions!$D:$D,$A41) -> 2
A42: https://ipfirstresponse.ipaustralia.gov.au/blogs/ip-barrier-entry-what-really-stops-competitors | B42: /blogs/ip-barrier-entry-what-really-stops-competitors | C42: blogs | E42: 36 | F42: =SUMIFS(Sessions!$I:$I,Sessions!$D:$D,$A42) -> 0 | G42: =SUMIFS(Sessions!$I:$I,Sessions!$D:$D,$A42,Sessions!$B:$B,"ChatGPT") -> 0 | H42: =SUMIFS(Sessions!$I:$I,Sessions!$D:$D,$A42,Sessions!$B:$B,"Claude") -> 0 | I42: =SUMIFS(Sessions!$I:$I,Sessions!$D:$D,$A42,Sessions!$B:$B,"Gemini") -> 0 | J42: =SUMIFS(Sessions!$I:$I,Sessions!$D:$D,$A42,Sessions!$B:$B,"Copilot") -> 0 | K42: =IFERROR(F42/E42,"") -> 0 | L42: =IFERROR(J42/E42,"") -> 0 | M42: =IFERROR(E42/$E$106,"") -> 0.003912193 | N42: =IFERROR(F42/$F$106,"") -> 0 | O42: cited, no landings | P42: =IF(F42=0,"",_xlfn.MINIFS(Sessions!$A:$A,Sessions!$D:$D,$A42)) | Q42: =IF(F42=0,"",_xlfn.MAXIFS(Sessions!$A:$A,Sessions!$D:$D,$A42)) | R42: =SUMIFS(Sessions!$J:$J,Sessions!$D:$D,$A42) -> 0
A43: https://ipfirstresponse.ipaustralia.gov.au/options/court-trade-marks | B43: /options/court-trade-marks | C43: options | D43: Seek binding, authoritative decisions | E43: 35 | F43: =SUMIFS(Sessions!$I:$I,Sessions!$D:$D,$A43) -> 5 | G43: =SUMIFS(Sessions!$I:$I,Sessions!$D:$D,$A43,Sessions!$B:$B,"ChatGPT") -> 4 | H43: =SUMIFS(Sessions!$I:$I,Sessions!$D:$D,$A43,Sessions!$B:$B,"Claude") -> 0 | I43: =SUMIFS(Sessions!$I:$I,Sessions!$D:$D,$A43,Sessions!$B:$B,"Gemini") -> 1 | J43: =SUMIFS(Sessions!$I:$I,Sessions!$D:$D,$A43,Sessions!$B:$B,"Copilot") -> 0 | K43: =IFERROR(F43/E43,"") -> 0.14285714 | L43: =IFERROR(J43/E43,"") -> 0 | M43: =IFERROR(E43/$E$106,"") -> 0.003803521 | N43: =IFERROR(F43/$F$106,"") -> 0.011286682 | O43: cited and landed | P43: =IF(F43=0,"",_xlfn.MINIFS(Sessions!$A:$A,Sessions!$D:$D,$A43)) -> 46227 | Q43: =IF(F43=0,"",_xlfn.MAXIFS(Sessions!$A:$A,Sessions!$D:$D,$A43)) -> 46268 | R43: =SUMIFS(Sessions!$J:$J,Sessions!$D:$D,$A43) -> 4
A44: https://ipfirstresponse.ipaustralia.gov.au/options/challenge-new-or-amended-patent | B44: /options/challenge-new-or-amended-patent | C44: options | D44: Challenge a new or amended patent | E44: 34 | F44: =SUMIFS(Sessions!$I:$I,Sessions!$D:$D,$A44) -> 2 | G44: =SUMIFS(Sessions!$I:$I,Sessions!$D:$D,$A44,Sessions!$B:$B,"ChatGPT") -> 0 | H44: =SUMIFS(Sessions!$I:$I,Sessions!$D:$D,$A44,Sessions!$B:$B,"Claude") -> 0 | I44: =SUMIFS(Sessions!$I:$I,Sessions!$D:$D,$A44,Sessions!$B:$B,"Gemini") -> 0 | J44: =SUMIFS(Sessions!$I:$I,Sessions!$D:$D,$A44,Sessions!$B:$B,"Copilot") -> 2 | K44: =IFERROR(F44/E44,"") -> 0.058823529 | L44: =IFERROR(J44/E44,"") -> 0.058823529 | M44: =IFERROR(E44/$E$106,"") -> 0.0036948489 | N44: =IFERROR(F44/$F$106,"") -> 0.0045146727 | O44: cited and landed | P44: =IF(F44=0,"",_xlfn.MINIFS(Sessions!$A:$A,Sessions!$D:$D,$A44)) -> 46164 | Q44: =IF(F44=0,"",_xlfn.MAXIFS(Sessions!$A:$A,Sessions!$D:$D,$A44)) -> 46174 | R44: =SUMIFS(Sessions!$J:$J,Sessions!$D:$D,$A44) -> 2
A45: https://ipfirstresponse.ipaustralia.gov.au/options/does-my-australian-ip-work-overseas | B45: /options/does-my-australian-ip-work-overseas | C45: options | E45: 32 | F45: =SUMIFS(Sessions!$I:$I,Sessions!$D:$D,$A45) -> 0 | G45: =SUMIFS(Sessions!$I:$I,Sessions!$D:$D,$A45,Sessions!$B:$B,"ChatGPT") -> 0 | H45: =SUMIFS(Sessions!$I:$I,Sessions!$D:$D,$A45,Sessions!$B:$B,"Claude") -> 0 | I45: =SUMIFS(Sessions!$I:$I,Sessions!$D:$D,$A45,Sessions!$B:$B,"Gemini") -> 0 | J45: =SUMIFS(Sessions!$I:$I,Sessions!$D:$D,$A45,Sessions!$B:$B,"Copilot") -> 0 | K45: =IFERROR(F45/E45,"") -> 0 | L45: =IFERROR(J45/E45,"") -> 0 | M45: =IFERROR(E45/$E$106,"") -> 0.0034775049 | N45: =IFERROR(F45/$F$106,"") -> 0 | O45: cited, no landings | P45: =IF(F45=0,"",_xlfn.MINIFS(Sessions!$A:$A,Sessions!$D:$D,$A45)) | Q45: =IF(F45=0,"",_xlfn.MAXIFS(Sessions!$A:$A,Sessions!$D:$D,$A45)) | R45: =SUMIFS(Sessions!$J:$J,Sessions!$D:$D,$A45) -> 0
A46: https://ipfirstresponse.ipaustralia.gov.au/blogs/how-identify-intellectual-property-your-business-step-step-guide-smes | B46: /blogs/how-identify-intellectual-property-your-business-step-step-guide-smes | C46: blogs | D46: How to identify intellectual property in your business (A step-by-step guide for SMEs) | E46: 27 | F46: =SUMIFS(Sessions!$I:$I,Sessions!$D:$D,$A46) -> 3 | G46: =SUMIFS(Sessions!$I:$I,Sessions!$D:$D,$A46,Sessions!$B:$B,"ChatGPT") -> 3 | H46: =SUMIFS(Sessions!$I:$I,Sessions!$D:$D,$A46,Sessions!$B:$B,"Claude") -> 0 | I46: =SUMIFS(Sessions!$I:$I,Sessions!$D:$D,$A46,Sessions!$B:$B,"Gemini") -> 0 | J46: =SUMIFS(Sessions!$I:$I,Sessions!$D:$D,$A46,Sessions!$B:$B,"Copilot") -> 0 | K46: =IFERROR(F46/E46,"") -> 0.11111111 | L46: =IFERROR(J46/E46,"") -> 0 | M46: =IFERROR(E46/$E$106,"") -> 0.0029341448 | N46: =IFERROR(F46/$F$106,"") -> 0.006772009 | O46: cited and landed | P46: =IF(F46=0,"",_xlfn.MINIFS(Sessions!$A:$A,Sessions!$D:$D,$A46)) -> 46255 | Q46: =IF(F46=0,"",_xlfn.MAXIFS(Sessions!$A:$A,Sessions!$D:$D,$A46)) -> 46260 | R46: =SUMIFS(Sessions!$J:$J,Sessions!$D:$D,$A46) -> 2
A47: https://ipfirstresponse.ipaustralia.gov.au/options/obtain-legal-advice-enforcement-options | B47: /options/obtain-legal-advice-enforcement-options | C47: options | D47: Obtain legal advice on enforcement options | E47: 25 | F47: =SUMIFS(Sessions!$I:$I,Sessions!$D:$D,$A47) -> 3 | G47: =SUMIFS(Sessions!$I:$I,Sessions!$D:$D,$A47,Sessions!$B:$B,"ChatGPT") -> 2 | H47: =SUMIFS(Sessions!$I:$I,Sessions!$D:$D,$A47,Sessions!$B:$B,"Claude") -> 1 | I47: =SUMIFS(Sessions!$I:$I,Sessions!$D:$D,$A47,Sessions!$B:$B,"Gemini") -> 0 | J47: =SUMIFS(Sessions!$I:$I,Sessions!$D:$D,$A47,Sessions!$B:$B,"Copilot") -> 0 | K47: =IFERROR(F47/E47,"") -> 0.12 | L47: =IFERROR(J47/E47,"") -> 0 | M47: =IFERROR(E47/$E$106,"") -> 0.0027168007 | N47: =IFERROR(F47/$F$106,"") -> 0.006772009 | O47: cited and landed | P47: =IF(F47=0,"",_xlfn.MINIFS(Sessions!$A:$A,Sessions!$D:$D,$A47)) -> 46204 | Q47: =IF(F47=0,"",_xlfn.MAXIFS(Sessions!$A:$A,Sessions!$D:$D,$A47)) -> 46262 | R47: =SUMIFS(Sessions!$J:$J,Sessions!$D:$D,$A47) -> 3
A48: https://ipfirstresponse.ipaustralia.gov.au/options/what-check-getting-registered-ip | B48: /options/what-check-getting-registered-ip | C48: options | E48: 24 | F48: =SUMIFS(Sessions!$I:$I,Sessions!$D:$D,$A48) -> 0 | G48: =SUMIFS(Sessions!$I:$I,Sessions!$D:$D,$A48,Sessions!$B:$B,"ChatGPT") -> 0 | H48: =SUMIFS(Sessions!$I:$I,Sessions!$D:$D,$A48,Sessions!$B:$B,"Claude") -> 0 | I48: =SUMIFS(Sessions!$I:$I,Sessions!$D:$D,$A48,Sessions!$B:$B,"Gemini") -> 0 | J48: =SUMIFS(Sessions!$I:$I,Sessions!$D:$D,$A48,Sessions!$B:$B,"Copilot") -> 0 | K48: =IFERROR(F48/E48,"") -> 0 | L48: =IFERROR(J48/E48,"") -> 0 | M48: =IFERROR(E48/$E$106,"") -> 0.0026081287 | N48: =IFERROR(F48/$F$106,"") -> 0 | O48: cited, no landings | P48: =IF(F48=0,"",_xlfn.MINIFS(Sessions!$A:$A,Sessions!$D:$D,$A48)) | Q48: =IF(F48=0,"",_xlfn.MAXIFS(Sessions!$A:$A,Sessions!$D:$D,$A48)) | R48: =SUMIFS(Sessions!$J:$J,Sessions!$D:$D,$A48) -> 0
A49: https://ipfirstresponse.ipaustralia.gov.au/options/challenge-registration-new-trade-mark-to-defend | B49: /options/challenge-registration-new-trade-mark-to-defend | C49: options | D49: Challenge the registration of a new trade mark to defend your right | E49: 23 | F49: =SUMIFS(Sessions!$I:$I,Sessions!$D:$D,$A49) -> 1 | G49: =SUMIFS(Sessions!$I:$I,Sessions!$D:$D,$A49,Sessions!$B:$B,"ChatGPT") -> 1 | H49: =SUMIFS(Sessions!$I:$I,Sessions!$D:$D,$A49,Sessions!$B:$B,"Claude") -> 0 | I49: =SUMIFS(Sessions!$I:$I,Sessions!$D:$D,$A49,Sessions!$B:$B,"Gemini") -> 0 | J49: =SUMIFS(Sessions!$I:$I,Sessions!$D:$D,$A49,Sessions!$B:$B,"Copilot") -> 0 | K49: =IFERROR(F49/E49,"") -> 0.043478261 | L49: =IFERROR(J49/E49,"") -> 0 | M49: =IFERROR(E49/$E$106,"") -> 0.0024994566 | N49: =IFERROR(F49/$F$106,"") -> 0.0022573363 | O49: cited and landed | P49: =IF(F49=0,"",_xlfn.MINIFS(Sessions!$A:$A,Sessions!$D:$D,$A49)) -> 46256 | Q49: =IF(F49=0,"",_xlfn.MAXIFS(Sessions!$A:$A,Sessions!$D:$D,$A49)) -> 46256 | R49: =SUMIFS(Sessions!$J:$J,Sessions!$D:$D,$A49) -> 1
A50: https://ipfirstresponse.ipaustralia.gov.au/options/respond-unjustified-threat | B50: /options/respond-unjustified-threat | C50: options | D50: Respond to an unjustified threat | E50: 21 | F50: =SUMIFS(Sessions!$I:$I,Sessions!$D:$D,$A50) -> 3 | G50: =SUMIFS(Sessions!$I:$I,Sessions!$D:$D,$A50,Sessions!$B:$B,"ChatGPT") -> 2 | H50: =SUMIFS(Sessions!$I:$I,Sessions!$D:$D,$A50,Sessions!$B:$B,"Claude") -> 1 | I50: =SUMIFS(Sessions!$I:$I,Sessions!$D:$D,$A50,Sessions!$B:$B,"Gemini") -> 0 | J50: =SUMIFS(Sessions!$I:$I,Sessions!$D:$D,$A50,Sessions!$B:$B,"Copilot") -> 0 | K50: =IFERROR(F50/E50,"") -> 0.14285714 | L50: =IFERROR(J50/E50,"") -> 0 | M50: =IFERROR(E50/$E$106,"") -> 0.0022821126 | N50: =IFERROR(F50/$F$106,"") -> 0.006772009 | O50: cited and landed | P50: =IF(F50=0,"",_xlfn.MINIFS(Sessions!$A:$A,Sessions!$D:$D,$A50)) -> 46256 | Q50: =IF(F50=0,"",_xlfn.MAXIFS(Sessions!$A:$A,Sessions!$D:$D,$A50)) -> 46272 | R50: =SUMIFS(Sessions!$J:$J,Sessions!$D:$D,$A50) -> 3
A51: https://ipfirstresponse.ipaustralia.gov.au/blogs/exploring-wipo-good-offices-program-practical-alternative-ip-litigation | B51: /blogs/exploring-wipo-good-offices-program-practical-alternative-ip-litigation | C51: blogs | E51: 20 | F51: =SUMIFS(Sessions!$I:$I,Sessions!$D:$D,$A51) -> 0 | G51: =SUMIFS(Sessions!$I:$I,Sessions!$D:$D,$A51,Sessions!$B:$B,"ChatGPT") -> 0 | H51: =SUMIFS(Sessions!$I:$I,Sessions!$D:$D,$A51,Sessions!$B:$B,"Claude") -> 0 | I51: =SUMIFS(Sessions!$I:$I,Sessions!$D:$D,$A51,Sessions!$B:$B,"Gemini") -> 0 | J51: =SUMIFS(Sessions!$I:$I,Sessions!$D:$D,$A51,Sessions!$B:$B,"Copilot") -> 0 | K51: =IFERROR(F51/E51,"") -> 0 | L51: =IFERROR(J51/E51,"") -> 0 | M51: =IFERROR(E51/$E$106,"") -> 0.0021734406 | N51: =IFERROR(F51/$F$106,"") -> 0 | O51: cited, no landings | P51: =IF(F51=0,"",_xlfn.MINIFS(Sessions!$A:$A,Sessions!$D:$D,$A51)) | Q51: =IF(F51=0,"",_xlfn.MAXIFS(Sessions!$A:$A,Sessions!$D:$D,$A51)) | R51: =SUMIFS(Sessions!$J:$J,Sessions!$D:$D,$A51) -> 0
A52: https://ipfirstresponse.ipaustralia.gov.au/options/can-i-buy-sell-or-license-ip | B52: /options/can-i-buy-sell-or-license-ip | C52: options | D52: Can I buy, sell or license IP? | E52: 19 | F52: =SUMIFS(Sessions!$I:$I,Sessions!$D:$D,$A52) -> 1 | G52: =SUMIFS(Sessions!$I:$I,Sessions!$D:$D,$A52,Sessions!$B:$B,"ChatGPT") -> 1 | H52: =SUMIFS(Sessions!$I:$I,Sessions!$D:$D,$A52,Sessions!$B:$B,"Claude") -> 0 | I52: =SUMIFS(Sessions!$I:$I,Sessions!$D:$D,$A52,Sessions!$B:$B,"Gemini") -> 0 | J52: =SUMIFS(Sessions!$I:$I,Sessions!$D:$D,$A52,Sessions!$B:$B,"Copilot") -> 0 | K52: =IFERROR(F52/E52,"") -> 0.052631579 | L52: =IFERROR(J52/E52,"") -> 0 | M52: =IFERROR(E52/$E$106,"") -> 0.0020647685 | N52: =IFERROR(F52/$F$106,"") -> 0.0022573363 | O52: cited and landed | P52: =IF(F52=0,"",_xlfn.MINIFS(Sessions!$A:$A,Sessions!$D:$D,$A52)) -> 46274 | Q52: =IF(F52=0,"",_xlfn.MAXIFS(Sessions!$A:$A,Sessions!$D:$D,$A52)) -> 46274 | R52: =SUMIFS(Sessions!$J:$J,Sessions!$D:$D,$A52) -> 1
A53: https://ipfirstresponse.ipaustralia.gov.au/options/challenge-granted-patent-enforcement | B53: /options/challenge-granted-patent-enforcement | C53: options | E53: 19 | F53: =SUMIFS(Sessions!$I:$I,Sessions!$D:$D,$A53) -> 0 | G53: =SUMIFS(Sessions!$I:$I,Sessions!$D:$D,$A53,Sessions!$B:$B,"ChatGPT") -> 0 | H53: =SUMIFS(Sessions!$I:$I,Sessions!$D:$D,$A53,Sessions!$B:$B,"Claude") -> 0 | I53: =SUMIFS(Sessions!$I:$I,Sessions!$D:$D,$A53,Sessions!$B:$B,"Gemini") -> 0 | J53: =SUMIFS(Sessions!$I:$I,Sessions!$D:$D,$A53,Sessions!$B:$B,"Copilot") -> 0 | K53: =IFERROR(F53/E53,"") -> 0 | L53: =IFERROR(J53/E53,"") -> 0 | M53: =IFERROR(E53/$E$106,"") -> 0.0020647685 | N53: =IFERROR(F53/$F$106,"") -> 0 | O53: cited, no landings | P53: =IF(F53=0,"",_xlfn.MINIFS(Sessions!$A:$A,Sessions!$D:$D,$A53)) | Q53: =IF(F53=0,"",_xlfn.MAXIFS(Sessions!$A:$A,Sessions!$D:$D,$A53)) | R53: =SUMIFS(Sessions!$J:$J,Sessions!$D:$D,$A53) -> 0
A54: https://ipfirstresponse.ipaustralia.gov.au/options/my-business-name-my-ip | B54: /options/my-business-name-my-ip | C54: options | D54: Is my business name my IP? | E54: 18 | F54: =SUMIFS(Sessions!$I:$I,Sessions!$D:$D,$A54) -> 42 | G54: =SUMIFS(Sessions!$I:$I,Sessions!$D:$D,$A54,Sessions!$B:$B,"ChatGPT") -> 39 | H54: =SUMIFS(Sessions!$I:$I,Sessions!$D:$D,$A54,Sessions!$B:$B,"Claude") -> 3 | I54: =SUMIFS(Sessions!$I:$I,Sessions!$D:$D,$A54,Sessions!$B:$B,"Gemini") -> 0 | J54: =SUMIFS(Sessions!$I:$I,Sessions!$D:$D,$A54,Sessions!$B:$B,"Copilot") -> 0 | K54: =IFERROR(F54/E54,"") -> 2.3333333 | L54: =IFERROR(J54/E54,"") -> 0 | M54: =IFERROR(E54/$E$106,"") -> 0.0019560965 | N54: =IFERROR(F54/$F$106,"") -> 0.094808126 | O54: cited and landed | P54: =IF(F54=0,"",_xlfn.MINIFS(Sessions!$A:$A,Sessions!$D:$D,$A54)) -> 46163 | Q54: =IF(F54=0,"",_xlfn.MAXIFS(Sessions!$A:$A,Sessions!$D:$D,$A54)) -> 46274 | R54: =SUMIFS(Sessions!$J:$J,Sessions!$D:$D,$A54) -> 30
A55: https://ipfirstresponse.ipaustralia.gov.au/options/what-can-i-do-if-i-disagree-ip-australias-examination-decision | B55: /options/what-can-i-do-if-i-disagree-ip-australias-examination-decision | C55: options | D55: What can I do if I disagree with IP Australia’s examination decision? | E55: 18 | F55: =SUMIFS(Sessions!$I:$I,Sessions!$D:$D,$A55) -> 1 | G55: =SUMIFS(Sessions!$I:$I,Sessions!$D:$D,$A55,Sessions!$B:$B,"ChatGPT") -> 1 | H55: =SUMIFS(Sessions!$I:$I,Sessions!$D:$D,$A55,Sessions!$B:$B,"Claude") -> 0 | I55: =SUMIFS(Sessions!$I:$I,Sessions!$D:$D,$A55,Sessions!$B:$B,"Gemini") -> 0 | J55: =SUMIFS(Sessions!$I:$I,Sessions!$D:$D,$A55,Sessions!$B:$B,"Copilot") -> 0 | K55: =IFERROR(F55/E55,"") -> 0.055555556 | L55: =IFERROR(J55/E55,"") -> 0 | M55: =IFERROR(E55/$E$106,"") -> 0.0019560965 | N55: =IFERROR(F55/$F$106,"") -> 0.0022573363 | O55: cited and landed | P55: =IF(F55=0,"",_xlfn.MINIFS(Sessions!$A:$A,Sessions!$D:$D,$A55)) -> 46254 | Q55: =IF(F55=0,"",_xlfn.MAXIFS(Sessions!$A:$A,Sessions!$D:$D,$A55)) -> 46254 | R55: =SUMIFS(Sessions!$J:$J,Sessions!$D:$D,$A55) -> 1
A56: https://ipfirstresponse.ipaustralia.gov.au/options/can-i-protect-my-ideas-worldwide-ip-right | B56: /options/can-i-protect-my-ideas-worldwide-ip-right | C56: options | E56: 17 | F56: =SUMIFS(Sessions!$I:$I,Sessions!$D:$D,$A56) -> 0 | G56: =SUMIFS(Sessions!$I:$I,Sessions!$D:$D,$A56,Sessions!$B:$B,"ChatGPT") -> 0 | H56: =SUMIFS(Sessions!$I:$I,Sessions!$D:$D,$A56,Sessions!$B:$B,"Claude") -> 0 | I56: =SUMIFS(Sessions!$I:$I,Sessions!$D:$D,$A56,Sessions!$B:$B,"Gemini") -> 0 | J56: =SUMIFS(Sessions!$I:$I,Sessions!$D:$D,$A56,Sessions!$B:$B,"Copilot") -> 0 | K56: =IFERROR(F56/E56,"") -> 0 | L56: =IFERROR(J56/E56,"") -> 0 | M56: =IFERROR(E56/$E$106,"") -> 0.0018474245 | N56: =IFERROR(F56/$F$106,"") -> 0 | O56: cited, no landings | P56: =IF(F56=0,"",_xlfn.MINIFS(Sessions!$A:$A,Sessions!$D:$D,$A56)) | Q56: =IF(F56=0,"",_xlfn.MAXIFS(Sessions!$A:$A,Sessions!$D:$D,$A56)) | R56: =SUMIFS(Sessions!$J:$J,Sessions!$D:$D,$A56) -> 0
A57: https://ipfirstresponse.ipaustralia.gov.au/options/check-if-someone-else-already-owns-word-logo-or-idea-you-want | B57: /options/check-if-someone-else-already-owns-word-logo-or-idea-you-want | C57: options | D57: Check if someone else already owns a word, logo or idea you want | E57: 16 | F57: =SUMIFS(Sessions!$I:$I,Sessions!$D:$D,$A57) -> 4 | G57: =SUMIFS(Sessions!$I:$I,Sessions!$D:$D,$A57,Sessions!$B:$B,"ChatGPT") -> 4 | H57: =SUMIFS(Sessions!$I:$I,Sessions!$D:$D,$A57,Sessions!$B:$B,"Claude") -> 0 | I57: =SUMIFS(Sessions!$I:$I,Sessions!$D:$D,$A57,Sessions!$B:$B,"Gemini") -> 0 | J57: =SUMIFS(Sessions!$I:$I,Sessions!$D:$D,$A57,Sessions!$B:$B,"Copilot") -> 0 | K57: =IFERROR(F57/E57,"") -> 0.25 | L57: =IFERROR(J57/E57,"") -> 0 | M57: =IFERROR(E57/$E$106,"") -> 0.0017387524 | N57: =IFERROR(F57/$F$106,"") -> 0.0090293454 | O57: cited and landed | P57: =IF(F57=0,"",_xlfn.MINIFS(Sessions!$A:$A,Sessions!$D:$D,$A57)) -> 46208 | Q57: =IF(F57=0,"",_xlfn.MAXIFS(Sessions!$A:$A,Sessions!$D:$D,$A57)) -> 46276 | R57: =SUMIFS(Sessions!$J:$J,Sessions!$D:$D,$A57) -> 4
A58: https://ipfirstresponse.ipaustralia.gov.au/all-enforcement-options | B58: /all-enforcement-options | C58: (top level) | E58: 16 | F58: =SUMIFS(Sessions!$I:$I,Sessions!$D:$D,$A58) -> 0 | G58: =SUMIFS(Sessions!$I:$I,Sessions!$D:$D,$A58,Sessions!$B:$B,"ChatGPT") -> 0 | H58: =SUMIFS(Sessions!$I:$I,Sessions!$D:$D,$A58,Sessions!$B:$B,"Claude") -> 0 | I58: =SUMIFS(Sessions!$I:$I,Sessions!$D:$D,$A58,Sessions!$B:$B,"Gemini") -> 0 | J58: =SUMIFS(Sessions!$I:$I,Sessions!$D:$D,$A58,Sessions!$B:$B,"Copilot") -> 0 | K58: =IFERROR(F58/E58,"") -> 0 | L58: =IFERROR(J58/E58,"") -> 0 | M58: =IFERROR(E58/$E$106,"") -> 0.0017387524 | N58: =IFERROR(F58/$F$106,"") -> 0 | O58: cited, no landings | P58: =IF(F58=0,"",_xlfn.MINIFS(Sessions!$A:$A,Sessions!$D:$D,$A58)) | Q58: =IF(F58=0,"",_xlfn.MAXIFS(Sessions!$A:$A,Sessions!$D:$D,$A58)) | R58: =SUMIFS(Sessions!$J:$J,Sessions!$D:$D,$A58) -> 0
A59: https://ipfirstresponse.ipaustralia.gov.au/options/demand-other-party-stops-infringing-writing | B59: /options/demand-other-party-stops-infringing-writing | C59: options | D59: Demand the other party stops infringing in writing | E59: 15 | F59: =SUMIFS(Sessions!$I:$I,Sessions!$D:$D,$A59) -> 6 | G59: =SUMIFS(Sessions!$I:$I,Sessions!$D:$D,$A59,Sessions!$B:$B,"ChatGPT") -> 6 | H59: =SUMIFS(Sessions!$I:$I,Sessions!$D:$D,$A59,Sessions!$B:$B,"Claude") -> 0 | I59: =SUMIFS(Sessions!$I:$I,Sessions!$D:$D,$A59,Sessions!$B:$B,"Gemini") -> 0 | J59: =SUMIFS(Sessions!$I:$I,Sessions!$D:$D,$A59,Sessions!$B:$B,"Copilot") -> 0 | K59: =IFERROR(F59/E59,"") -> 0.4 | L59: =IFERROR(J59/E59,"") -> 0 | M59: =IFERROR(E59/$E$106,"") -> 0.0016300804 | N59: =IFERROR(F59/$F$106,"") -> 0.013544018 | O59: cited and landed | P59: =IF(F59=0,"",_xlfn.MINIFS(Sessions!$A:$A,Sessions!$D:$D,$A59)) -> 46219 | Q59: =IF(F59=0,"",_xlfn.MAXIFS(Sessions!$A:$A,Sessions!$D:$D,$A59)) -> 46275 | R59: =SUMIFS(Sessions!$J:$J,Sessions!$D:$D,$A59) -> 6
A60: https://ipfirstresponse.ipaustralia.gov.au/options/respond-opposition-filed-against-your-patent | B60: /options/respond-opposition-filed-against-your-patent | C60: options | E60: 13 | F60: =SUMIFS(Sessions!$I:$I,Sessions!$D:$D,$A60) -> 0 | G60: =SUMIFS(Sessions!$I:$I,Sessions!$D:$D,$A60,Sessions!$B:$B,"ChatGPT") -> 0 | H60: =SUMIFS(Sessions!$I:$I,Sessions!$D:$D,$A60,Sessions!$B:$B,"Claude") -> 0 | I60: =SUMIFS(Sessions!$I:$I,Sessions!$D:$D,$A60,Sessions!$B:$B,"Gemini") -> 0 | J60: =SUMIFS(Sessions!$I:$I,Sessions!$D:$D,$A60,Sessions!$B:$B,"Copilot") -> 0 | K60: =IFERROR(F60/E60,"") -> 0 | L60: =IFERROR(J60/E60,"") -> 0 | M60: =IFERROR(E60/$E$106,"") -> 0.0014127364 | N60: =IFERROR(F60/$F$106,"") -> 0 | O60: cited, no landings | P60: =IF(F60=0,"",_xlfn.MINIFS(Sessions!$A:$A,Sessions!$D:$D,$A60)) | Q60: =IF(F60=0,"",_xlfn.MAXIFS(Sessions!$A:$A,Sessions!$D:$D,$A60)) | R60: =SUMIFS(Sessions!$J:$J,Sessions!$D:$D,$A60) -> 0
A61: https://ipfirstresponse.ipaustralia.gov.au/options/help-customers-differentiate-between-your-products-and-lookalikes | B61: /options/help-customers-differentiate-between-your-products-and-lookalikes | C61: options | D61: Help customers differentiate between your products and lookalikes | E61: 12 | F61: =SUMIFS(Sessions!$I:$I,Sessions!$D:$D,$A61) -> 1 | G61: =SUMIFS(Sessions!$I:$I,Sessions!$D:$D,$A61,Sessions!$B:$B,"ChatGPT") -> 1 | H61: =SUMIFS(Sessions!$I:$I,Sessions!$D:$D,$A61,Sessions!$B:$B,"Claude") -> 0 | I61: =SUMIFS(Sessions!$I:$I,Sessions!$D:$D,$A61,Sessions!$B:$B,"Gemini") -> 0 | J61: =SUMIFS(Sessions!$I:$I,Sessions!$D:$D,$A61,Sessions!$B:$B,"Copilot") -> 0 | K61: =IFERROR(F61/E61,"") -> 0.083333333 | L61: =IFERROR(J61/E61,"") -> 0 | M61: =IFERROR(E61/$E$106,"") -> 0.0013040643 | N61: =IFERROR(F61/$F$106,"") -> 0.0022573363 | O61: cited and landed | P61: =IF(F61=0,"",_xlfn.MINIFS(Sessions!$A:$A,Sessions!$D:$D,$A61)) -> 46264 | Q61: =IF(F61=0,"",_xlfn.MAXIFS(Sessions!$A:$A,Sessions!$D:$D,$A61)) -> 46264 | R61: =SUMIFS(Sessions!$J:$J,Sessions!$D:$D,$A61) -> 1
A62: https://ipfirstresponse.ipaustralia.gov.au/options/why-so-expensive | B62: /options/why-so-expensive | C62: options | E62: 12 | F62: =SUMIFS(Sessions!$I:$I,Sessions!$D:$D,$A62) -> 0 | G62: =SUMIFS(Sessions!$I:$I,Sessions!$D:$D,$A62,Sessions!$B:$B,"ChatGPT") -> 0 | H62: =SUMIFS(Sessions!$I:$I,Sessions!$D:$D,$A62,Sessions!$B:$B,"Claude") -> 0 | I62: =SUMIFS(Sessions!$I:$I,Sessions!$D:$D,$A62,Sessions!$B:$B,"Gemini") -> 0 | J62: =SUMIFS(Sessions!$I:$I,Sessions!$D:$D,$A62,Sessions!$B:$B,"Copilot") -> 0 | K62: =IFERROR(F62/E62,"") -> 0 | L62: =IFERROR(J62/E62,"") -> 0 | M62: =IFERROR(E62/$E$106,"") -> 0.0013040643 | N62: =IFERROR(F62/$F$106,"") -> 0 | O62: cited, no landings | P62: =IF(F62=0,"",_xlfn.MINIFS(Sessions!$A:$A,Sessions!$D:$D,$A62)) | Q62: =IF(F62=0,"",_xlfn.MAXIFS(Sessions!$A:$A,Sessions!$D:$D,$A62)) | R62: =SUMIFS(Sessions!$J:$J,Sessions!$D:$D,$A62) -> 0
A63: https://ipfirstresponse.ipaustralia.gov.au/blogs/building-strong-foundation-practical-ip-steps-start-ups | B63: /blogs/building-strong-foundation-practical-ip-steps-start-ups | C63: blogs | D63: Building a strong foundation: Practical IP steps for start-ups | E63: 10 | F63: =SUMIFS(Sessions!$I:$I,Sessions!$D:$D,$A63) -> 2 | G63: =SUMIFS(Sessions!$I:$I,Sessions!$D:$D,$A63,Sessions!$B:$B,"ChatGPT") -> 2 | H63: =SUMIFS(Sessions!$I:$I,Sessions!$D:$D,$A63,Sessions!$B:$B,"Claude") -> 0 | I63: =SUMIFS(Sessions!$I:$I,Sessions!$D:$D,$A63,Sessions!$B:$B,"Gemini") -> 0 | J63: =SUMIFS(Sessions!$I:$I,Sessions!$D:$D,$A63,Sessions!$B:$B,"Copilot") -> 0 | K63: =IFERROR(F63/E63,"") -> 0.2 | L63: =IFERROR(J63/E63,"") -> 0 | M63: =IFERROR(E63/$E$106,"") -> 0.0010867203 | N63: =IFERROR(F63/$F$106,"") -> 0.0045146727 | O63: cited and landed | P63: =IF(F63=0,"",_xlfn.MINIFS(Sessions!$A:$A,Sessions!$D:$D,$A63)) -> 46233 | Q63: =IF(F63=0,"",_xlfn.MAXIFS(Sessions!$A:$A,Sessions!$D:$D,$A63)) -> 46248 | R63: =SUMIFS(Sessions!$J:$J,Sessions!$D:$D,$A63) -> 2
A64: https://ipfirstresponse.ipaustralia.gov.au/options/explore-opportunities-licensing-your-ip | B64: /options/explore-opportunities-licensing-your-ip | C64: options | D64: Explore opportunities by licensing your IP | E64: 10 | F64: =SUMIFS(Sessions!$I:$I,Sessions!$D:$D,$A64) -> 1 | G64: =SUMIFS(Sessions!$I:$I,Sessions!$D:$D,$A64,Sessions!$B:$B,"ChatGPT") -> 1 | H64: =SUMIFS(Sessions!$I:$I,Sessions!$D:$D,$A64,Sessions!$B:$B,"Claude") -> 0 | I64: =SUMIFS(Sessions!$I:$I,Sessions!$D:$D,$A64,Sessions!$B:$B,"Gemini") -> 0 | J64: =SUMIFS(Sessions!$I:$I,Sessions!$D:$D,$A64,Sessions!$B:$B,"Copilot") -> 0 | K64: =IFERROR(F64/E64,"") -> 0.1 | L64: =IFERROR(J64/E64,"") -> 0 | M64: =IFERROR(E64/$E$106,"") -> 0.0010867203 | N64: =IFERROR(F64/$F$106,"") -> 0.0022573363 | O64: cited and landed | P64: =IF(F64=0,"",_xlfn.MINIFS(Sessions!$A:$A,Sessions!$D:$D,$A64)) -> 46244 | Q64: =IF(F64=0,"",_xlfn.MAXIFS(Sessions!$A:$A,Sessions!$D:$D,$A64)) -> 46244 | R64: =SUMIFS(Sessions!$J:$J,Sessions!$D:$D,$A64) -> 1
A65: https://ipfirstresponse.ipaustralia.gov.au/options/register-your-unregistered-trade-mark | B65: /options/register-your-unregistered-trade-mark | C65: options | D65: Register your unregistered trade mark | E65: 7 | F65: =SUMIFS(Sessions!$I:$I,Sessions!$D:$D,$A65) -> 4 | G65: =SUMIFS(Sessions!$I:$I,Sessions!$D:$D,$A65,Sessions!$B:$B,"ChatGPT") -> 4 | H65: =SUMIFS(Sessions!$I:$I,Sessions!$D:$D,$A65,Sessions!$B:$B,"Claude") -> 0 | I65: =SUMIFS(Sessions!$I:$I,Sessions!$D:$D,$A65,Sessions!$B:$B,"Gemini") -> 0 | J65: =SUMIFS(Sessions!$I:$I,Sessions!$D:$D,$A65,Sessions!$B:$B,"Copilot") -> 0 | K65: =IFERROR(F65/E65,"") -> 0.57142857 | L65: =IFERROR(J65/E65,"") -> 0 | M65: =IFERROR(E65/$E$106,"") -> 0.00076070419 | N65: =IFERROR(F65/$F$106,"") -> 0.0090293454 | O65: cited and landed | P65: =IF(F65=0,"",_xlfn.MINIFS(Sessions!$A:$A,Sessions!$D:$D,$A65)) -> 46206 | Q65: =IF(F65=0,"",_xlfn.MAXIFS(Sessions!$A:$A,Sessions!$D:$D,$A65)) -> 46261 | R65: =SUMIFS(Sessions!$J:$J,Sessions!$D:$D,$A65) -> 4
A66: https://ipfirstresponse.ipaustralia.gov.au/about-the-chatbot | B66: /about-the-chatbot | C66: (top level) | D66: About the AI Chatbot | E66: 7 | F66: =SUMIFS(Sessions!$I:$I,Sessions!$D:$D,$A66) -> 2 | G66: =SUMIFS(Sessions!$I:$I,Sessions!$D:$D,$A66,Sessions!$B:$B,"ChatGPT") -> 2 | H66: =SUMIFS(Sessions!$I:$I,Sessions!$D:$D,$A66,Sessions!$B:$B,"Claude") -> 0 | I66: =SUMIFS(Sessions!$I:$I,Sessions!$D:$D,$A66,Sessions!$B:$B,"Gemini") -> 0 | J66: =SUMIFS(Sessions!$I:$I,Sessions!$D:$D,$A66,Sessions!$B:$B,"Copilot") -> 0 | K66: =IFERROR(F66/E66,"") -> 0.28571429 | L66: =IFERROR(J66/E66,"") -> 0 | M66: =IFERROR(E66/$E$106,"") -> 0.00076070419 | N66: =IFERROR(F66/$F$106,"") -> 0.0045146727 | O66: cited and landed | P66: =IF(F66=0,"",_xlfn.MINIFS(Sessions!$A:$A,Sessions!$D:$D,$A66)) -> 46171 | Q66: =IF(F66=0,"",_xlfn.MAXIFS(Sessions!$A:$A,Sessions!$D:$D,$A66)) -> 46194 | R66: =SUMIFS(Sessions!$J:$J,Sessions!$D:$D,$A66) -> 2
A67: https://ipfirstresponse.ipaustralia.gov.au/glossary-terms | B67: /glossary-terms | C67: (top level) | E67: 7 | F67: =SUMIFS(Sessions!$I:$I,Sessions!$D:$D,$A67) -> 0 | G67: =SUMIFS(Sessions!$I:$I,Sessions!$D:$D,$A67,Sessions!$B:$B,"ChatGPT") -> 0 | H67: =SUMIFS(Sessions!$I:$I,Sessions!$D:$D,$A67,Sessions!$B:$B,"Claude") -> 0 | I67: =SUMIFS(Sessions!$I:$I,Sessions!$D:$D,$A67,Sessions!$B:$B,"Gemini") -> 0 | J67: =SUMIFS(Sessions!$I:$I,Sessions!$D:$D,$A67,Sessions!$B:$B,"Copilot") -> 0 | K67: =IFERROR(F67/E67,"") -> 0 | L67: =IFERROR(J67/E67,"") -> 0 | M67: =IFERROR(E67/$E$106,"") -> 0.00076070419 | N67: =IFERROR(F67/$F$106,"") -> 0 | O67: cited, no landings | P67: =IF(F67=0,"",_xlfn.MINIFS(Sessions!$A:$A,Sessions!$D:$D,$A67)) | Q67: =IF(F67=0,"",_xlfn.MAXIFS(Sessions!$A:$A,Sessions!$D:$D,$A67)) | R67: =SUMIFS(Sessions!$J:$J,Sessions!$D:$D,$A67) -> 0
A68: https://ipfirstresponse.ipaustralia.gov.au/options/common-scams | B68: /options/common-scams | C68: options | E68: 7 | F68: =SUMIFS(Sessions!$I:$I,Sessions!$D:$D,$A68) -> 0 | G68: =SUMIFS(Sessions!$I:$I,Sessions!$D:$D,$A68,Sessions!$B:$B,"ChatGPT") -> 0 | H68: =SUMIFS(Sessions!$I:$I,Sessions!$D:$D,$A68,Sessions!$B:$B,"Claude") -> 0 | I68: =SUMIFS(Sessions!$I:$I,Sessions!$D:$D,$A68,Sessions!$B:$B,"Gemini") -> 0 | J68: =SUMIFS(Sessions!$I:$I,Sessions!$D:$D,$A68,Sessions!$B:$B,"Copilot") -> 0 | K68: =IFERROR(F68/E68,"") -> 0 | L68: =IFERROR(J68/E68,"") -> 0 | M68: =IFERROR(E68/$E$106,"") -> 0.00076070419 | N68: =IFERROR(F68/$F$106,"") -> 0 | O68: cited, no landings | P68: =IF(F68=0,"",_xlfn.MINIFS(Sessions!$A:$A,Sessions!$D:$D,$A68)) | Q68: =IF(F68=0,"",_xlfn.MAXIFS(Sessions!$A:$A,Sessions!$D:$D,$A68)) | R68: =SUMIFS(Sessions!$J:$J,Sessions!$D:$D,$A68) -> 0
A69: https://chat.ipfirstresponse.ipaustralia.gov.au/ | B69: / | C69: chat subdomain | D69: Chatbot | E69: 6 | F69: =SUMIFS(Sessions!$I:$I,Sessions!$D:$D,$A69) -> 3 | G69: =SUMIFS(Sessions!$I:$I,Sessions!$D:$D,$A69,Sessions!$B:$B,"ChatGPT") -> 2 | H69: =SUMIFS(Sessions!$I:$I,Sessions!$D:$D,$A69,Sessions!$B:$B,"Claude") -> 0 | I69: =SUMIFS(Sessions!$I:$I,Sessions!$D:$D,$A69,Sessions!$B:$B,"Gemini") -> 1 | J69: =SUMIFS(Sessions!$I:$I,Sessions!$D:$D,$A69,Sessions!$B:$B,"Copilot") -> 0 | K69: =IFERROR(F69/E69,"") -> 0.5 | L69: =IFERROR(J69/E69,"") -> 0 | M69: =IFERROR(E69/$E$106,"") -> 0.00065203217 | N69: =IFERROR(F69/$F$106,"") -> 0.006772009 | O69: cited and landed | P69: =IF(F69=0,"",_xlfn.MINIFS(Sessions!$A:$A,Sessions!$D:$D,$A69)) -> 46182 | Q69: =IF(F69=0,"",_xlfn.MAXIFS(Sessions!$A:$A,Sessions!$D:$D,$A69)) -> 46225 | R69: =SUMIFS(Sessions!$J:$J,Sessions!$D:$D,$A69) -> 2
A70: https://ipfirstresponse.ipaustralia.gov.au/options/enforcing-filed-patent | B70: /options/enforcing-filed-patent | C70: options | D70: Enforcing a 'filed' patent | E70: 6 | F70: =SUMIFS(Sessions!$I:$I,Sessions!$D:$D,$A70) -> 1 | G70: =SUMIFS(Sessions!$I:$I,Sessions!$D:$D,$A70,Sessions!$B:$B,"ChatGPT") -> 1 | H70: =SUMIFS(Sessions!$I:$I,Sessions!$D:$D,$A70,Sessions!$B:$B,"Claude") -> 0 | I70: =SUMIFS(Sessions!$I:$I,Sessions!$D:$D,$A70,Sessions!$B:$B,"Gemini") -> 0 | J70: =SUMIFS(Sessions!$I:$I,Sessions!$D:$D,$A70,Sessions!$B:$B,"Copilot") -> 0 | K70: =IFERROR(F70/E70,"") -> 0.16666667 | L70: =IFERROR(J70/E70,"") -> 0 | M70: =IFERROR(E70/$E$106,"") -> 0.00065203217 | N70: =IFERROR(F70/$F$106,"") -> 0.0022573363 | O70: cited and landed | P70: =IF(F70=0,"",_xlfn.MINIFS(Sessions!$A:$A,Sessions!$D:$D,$A70)) -> 46248 | Q70: =IF(F70=0,"",_xlfn.MAXIFS(Sessions!$A:$A,Sessions!$D:$D,$A70)) -> 46248 | R70: =SUMIFS(Sessions!$J:$J,Sessions!$D:$D,$A70) -> 1
A71: https://ipfirstresponse.ipaustralia.gov.au/options/plan-how-ip-disputes-will-be-handled-contracts | B71: /options/plan-how-ip-disputes-will-be-handled-contracts | C71: options | E71: 6 | F71: =SUMIFS(Sessions!$I:$I,Sessions!$D:$D,$A71) -> 0 | G71: =SUMIFS(Sessions!$I:$I,Sessions!$D:$D,$A71,Sessions!$B:$B,"ChatGPT") -> 0 | H71: =SUMIFS(Sessions!$I:$I,Sessions!$D:$D,$A71,Sessions!$B:$B,"Claude") -> 0 | I71: =SUMIFS(Sessions!$I:$I,Sessions!$D:$D,$A71,Sessions!$B:$B,"Gemini") -> 0 | J71: =SUMIFS(Sessions!$I:$I,Sessions!$D:$D,$A71,Sessions!$B:$B,"Copilot") -> 0 | K71: =IFERROR(F71/E71,"") -> 0 | L71: =IFERROR(J71/E71,"") -> 0 | M71: =IFERROR(E71/$E$106,"") -> 0.00065203217 | N71: =IFERROR(F71/$F$106,"") -> 0 | O71: cited, no landings | P71: =IF(F71=0,"",_xlfn.MINIFS(Sessions!$A:$A,Sessions!$D:$D,$A71)) | Q71: =IF(F71=0,"",_xlfn.MAXIFS(Sessions!$A:$A,Sessions!$D:$D,$A71)) | R71: =SUMIFS(Sessions!$J:$J,Sessions!$D:$D,$A71) -> 0
A72: https://ipfirstresponse.ipaustralia.gov.au/options/choose-rebrand-avoid-potential-ip-conflicts | B72: /options/choose-rebrand-avoid-potential-ip-conflicts | C72: options | D72: Choose to rebrand to avoid potential IP conflicts | E72: 5 | F72: =SUMIFS(Sessions!$I:$I,Sessions!$D:$D,$A72) -> 1 | G72: =SUMIFS(Sessions!$I:$I,Sessions!$D:$D,$A72,Sessions!$B:$B,"ChatGPT") -> 1 | H72: =SUMIFS(Sessions!$I:$I,Sessions!$D:$D,$A72,Sessions!$B:$B,"Claude") -> 0 | I72: =SUMIFS(Sessions!$I:$I,Sessions!$D:$D,$A72,Sessions!$B:$B,"Gemini") -> 0 | J72: =SUMIFS(Sessions!$I:$I,Sessions!$D:$D,$A72,Sessions!$B:$B,"Copilot") -> 0 | K72: =IFERROR(F72/E72,"") -> 0.2 | L72: =IFERROR(J72/E72,"") -> 0 | M72: =IFERROR(E72/$E$106,"") -> 0.00054336014 | N72: =IFERROR(F72/$F$106,"") -> 0.0022573363 | O72: cited and landed | P72: =IF(F72=0,"",_xlfn.MINIFS(Sessions!$A:$A,Sessions!$D:$D,$A72)) -> 46268 | Q72: =IF(F72=0,"",_xlfn.MAXIFS(Sessions!$A:$A,Sessions!$D:$D,$A72)) -> 46268 | R72: =SUMIFS(Sessions!$J:$J,Sessions!$D:$D,$A72) -> 1
A73: https://ipfirstresponse.ipaustralia.gov.au/options/receiving-letter-demand | B73: /options/receiving-letter-demand | C73: options | D73: Receiving a letter of demand | E73: 5 | F73: =SUMIFS(Sessions!$I:$I,Sessions!$D:$D,$A73) -> 1 | G73: =SUMIFS(Sessions!$I:$I,Sessions!$D:$D,$A73,Sessions!$B:$B,"ChatGPT") -> 1 | H73: =SUMIFS(Sessions!$I:$I,Sessions!$D:$D,$A73,Sessions!$B:$B,"Claude") -> 0 | I73: =SUMIFS(Sessions!$I:$I,Sessions!$D:$D,$A73,Sessions!$B:$B,"Gemini") -> 0 | J73: =SUMIFS(Sessions!$I:$I,Sessions!$D:$D,$A73,Sessions!$B:$B,"Copilot") -> 0 | K73: =IFERROR(F73/E73,"") -> 0.2 | L73: =IFERROR(J73/E73,"") -> 0 | M73: =IFERROR(E73/$E$106,"") -> 0.00054336014 | N73: =IFERROR(F73/$F$106,"") -> 0.0022573363 | O73: cited and landed | P73: =IF(F73=0,"",_xlfn.MINIFS(Sessions!$A:$A,Sessions!$D:$D,$A73)) -> 46275 | Q73: =IF(F73=0,"",_xlfn.MAXIFS(Sessions!$A:$A,Sessions!$D:$D,$A73)) -> 46275 | R73: =SUMIFS(Sessions!$J:$J,Sessions!$D:$D,$A73) -> 1
A74: https://ipfirstresponse.ipaustralia.gov.au/options/toyotas-approach-counterfeit-products | B74: /options/toyotas-approach-counterfeit-products | C74: options | D74: The Toyota story: What can SMEs learn from Toyota’s approach to counterfeit products? | E74: 5 | F74: =SUMIFS(Sessions!$I:$I,Sessions!$D:$D,$A74) -> 1 | G74: =SUMIFS(Sessions!$I:$I,Sessions!$D:$D,$A74,Sessions!$B:$B,"ChatGPT") -> 1 | H74: =SUMIFS(Sessions!$I:$I,Sessions!$D:$D,$A74,Sessions!$B:$B,"Claude") -> 0 | I74: =SUMIFS(Sessions!$I:$I,Sessions!$D:$D,$A74,Sessions!$B:$B,"Gemini") -> 0 | J74: =SUMIFS(Sessions!$I:$I,Sessions!$D:$D,$A74,Sessions!$B:$B,"Copilot") -> 0 | K74: =IFERROR(F74/E74,"") -> 0.2 | L74: =IFERROR(J74/E74,"") -> 0 | M74: =IFERROR(E74/$E$106,"") -> 0.00054336014 | N74: =IFERROR(F74/$F$106,"") -> 0.0022573363 | O74: cited and landed | P74: =IF(F74=0,"",_xlfn.MINIFS(Sessions!$A:$A,Sessions!$D:$D,$A74)) -> 46250 | Q74: =IF(F74=0,"",_xlfn.MAXIFS(Sessions!$A:$A,Sessions!$D:$D,$A74)) -> 46250 | R74: =SUMIFS(Sessions!$J:$J,Sessions!$D:$D,$A74) -> 1
A75: https://ipfirstresponse.ipaustralia.gov.au/options/use-your-trade-mark-prominently-build-recognition-and-protection | B75: /options/use-your-trade-mark-prominently-build-recognition-and-protection | C75: options | D75: Use your trade mark prominently to build recognition and protection | E75: 4 | F75: =SUMIFS(Sessions!$I:$I,Sessions!$D:$D,$A75) -> 3 | G75: =SUMIFS(Sessions!$I:$I,Sessions!$D:$D,$A75,Sessions!$B:$B,"ChatGPT") -> 3 | H75: =SUMIFS(Sessions!$I:$I,Sessions!$D:$D,$A75,Sessions!$B:$B,"Claude") -> 0 | I75: =SUMIFS(Sessions!$I:$I,Sessions!$D:$D,$A75,Sessions!$B:$B,"Gemini") -> 0 | J75: =SUMIFS(Sessions!$I:$I,Sessions!$D:$D,$A75,Sessions!$B:$B,"Copilot") -> 0 | K75: =IFERROR(F75/E75,"") -> 0.75 | L75: =IFERROR(J75/E75,"") -> 0 | M75: =IFERROR(E75/$E$106,"") -> 0.00043468811 | N75: =IFERROR(F75/$F$106,"") -> 0.006772009 | O75: cited and landed | P75: =IF(F75=0,"",_xlfn.MINIFS(Sessions!$A:$A,Sessions!$D:$D,$A75)) -> 46221 | Q75: =IF(F75=0,"",_xlfn.MAXIFS(Sessions!$A:$A,Sessions!$D:$D,$A75)) -> 46274 | R75: =SUMIFS(Sessions!$J:$J,Sessions!$D:$D,$A75) -> 3
A76: https://ipfirstresponse.ipaustralia.gov.au/options/what-do-i-do-if-someone-copies-my-stuff | B76: /options/what-do-i-do-if-someone-copies-my-stuff | C76: options | D76: What do I do if someone copies my stuff? | E76: 4 | F76: =SUMIFS(Sessions!$I:$I,Sessions!$D:$D,$A76) -> 1 | G76: =SUMIFS(Sessions!$I:$I,Sessions!$D:$D,$A76,Sessions!$B:$B,"ChatGPT") -> 1 | H76: =SUMIFS(Sessions!$I:$I,Sessions!$D:$D,$A76,Sessions!$B:$B,"Claude") -> 0 | I76: =SUMIFS(Sessions!$I:$I,Sessions!$D:$D,$A76,Sessions!$B:$B,"Gemini") -> 0 | J76: =SUMIFS(Sessions!$I:$I,Sessions!$D:$D,$A76,Sessions!$B:$B,"Copilot") -> 0 | K76: =IFERROR(F76/E76,"") -> 0.25 | L76: =IFERROR(J76/E76,"") -> 0 | M76: =IFERROR(E76/$E$106,"") -> 0.00043468811 | N76: =IFERROR(F76/$F$106,"") -> 0.0022573363 | O76: cited and landed | P76: =IF(F76=0,"",_xlfn.MINIFS(Sessions!$A:$A,Sessions!$D:$D,$A76)) -> 46226 | Q76: =IF(F76=0,"",_xlfn.MAXIFS(Sessions!$A:$A,Sessions!$D:$D,$A76)) -> 46226 | R76: =SUMIFS(Sessions!$J:$J,Sessions!$D:$D,$A76) -> 1
A77: https://ipfirstresponse.ipaustralia.gov.au/options/obtain-legal-advice-accusation-infringement | B77: /options/obtain-legal-advice-accusation-infringement | C77: options | E77: 4 | F77: =SUMIFS(Sessions!$I:$I,Sessions!$D:$D,$A77) -> 0 | G77: =SUMIFS(Sessions!$I:$I,Sessions!$D:$D,$A77,Sessions!$B:$B,"ChatGPT") -> 0 | H77: =SUMIFS(Sessions!$I:$I,Sessions!$D:$D,$A77,Sessions!$B:$B,"Claude") -> 0 | I77: =SUMIFS(Sessions!$I:$I,Sessions!$D:$D,$A77,Sessions!$B:$B,"Gemini") -> 0 | J77: =SUMIFS(Sessions!$I:$I,Sessions!$D:$D,$A77,Sessions!$B:$B,"Copilot") -> 0 | K77: =IFERROR(F77/E77,"") -> 0 | L77: =IFERROR(J77/E77,"") -> 0 | M77: =IFERROR(E77/$E$106,"") -> 0.00043468811 | N77: =IFERROR(F77/$F$106,"") -> 0 | O77: cited, no landings | P77: =IF(F77=0,"",_xlfn.MINIFS(Sessions!$A:$A,Sessions!$D:$D,$A77)) | Q77: =IF(F77=0,"",_xlfn.MAXIFS(Sessions!$A:$A,Sessions!$D:$D,$A77)) | R77: =SUMIFS(Sessions!$J:$J,Sessions!$D:$D,$A77) -> 0
A78: https://ipfirstresponse.ipaustralia.gov.au/options/prevent-risks-public-interest | B78: /options/prevent-risks-public-interest | C78: options | D78: Prevent risks to public interest | E78: 3 | F78: =SUMIFS(Sessions!$I:$I,Sessions!$D:$D,$A78) -> 2 | G78: =SUMIFS(Sessions!$I:$I,Sessions!$D:$D,$A78,Sessions!$B:$B,"ChatGPT") -> 2 | H78: =SUMIFS(Sessions!$I:$I,Sessions!$D:$D,$A78,Sessions!$B:$B,"Claude") -> 0 | I78: =SUMIFS(Sessions!$I:$I,Sessions!$D:$D,$A78,Sessions!$B:$B,"Gemini") -> 0 | J78: =SUMIFS(Sessions!$I:$I,Sessions!$D:$D,$A78,Sessions!$B:$B,"Copilot") -> 0 | K78: =IFERROR(F78/E78,"") -> 0.66666667 | L78: =IFERROR(J78/E78,"") -> 0 | M78: =IFERROR(E78/$E$106,"") -> 0.00032601608 | N78: =IFERROR(F78/$F$106,"") -> 0.0045146727 | O78: cited and landed | P78: =IF(F78=0,"",_xlfn.MINIFS(Sessions!$A:$A,Sessions!$D:$D,$A78)) -> 46250 | Q78: =IF(F78=0,"",_xlfn.MAXIFS(Sessions!$A:$A,Sessions!$D:$D,$A78)) -> 46255 | R78: =SUMIFS(Sessions!$J:$J,Sessions!$D:$D,$A78) -> 2
A79: https://ipfirstresponse.ipaustralia.gov.au/options/considerations-enforcing-your-ip-overseas | B79: /options/considerations-enforcing-your-ip-overseas | C79: options | E79: 3 | F79: =SUMIFS(Sessions!$I:$I,Sessions!$D:$D,$A79) -> 0 | G79: =SUMIFS(Sessions!$I:$I,Sessions!$D:$D,$A79,Sessions!$B:$B,"ChatGPT") -> 0 | H79: =SUMIFS(Sessions!$I:$I,Sessions!$D:$D,$A79,Sessions!$B:$B,"Claude") -> 0 | I79: =SUMIFS(Sessions!$I:$I,Sessions!$D:$D,$A79,Sessions!$B:$B,"Gemini") -> 0 | J79: =SUMIFS(Sessions!$I:$I,Sessions!$D:$D,$A79,Sessions!$B:$B,"Copilot") -> 0 | K79: =IFERROR(F79/E79,"") -> 0 | L79: =IFERROR(J79/E79,"") -> 0 | M79: =IFERROR(E79/$E$106,"") -> 0.00032601608 | N79: =IFERROR(F79/$F$106,"") -> 0 | O79: cited, no landings | P79: =IF(F79=0,"",_xlfn.MINIFS(Sessions!$A:$A,Sessions!$D:$D,$A79)) | Q79: =IF(F79=0,"",_xlfn.MAXIFS(Sessions!$A:$A,Sessions!$D:$D,$A79)) | R79: =SUMIFS(Sessions!$J:$J,Sessions!$D:$D,$A79) -> 0
A80: https://ipfirstresponse.ipaustralia.gov.au/options/identify-and-track-patents-and-activity-your-competitors | B80: /options/identify-and-track-patents-and-activity-your-competitors | C80: options | E80: 3 | F80: =SUMIFS(Sessions!$I:$I,Sessions!$D:$D,$A80) -> 0 | G80: =SUMIFS(Sessions!$I:$I,Sessions!$D:$D,$A80,Sessions!$B:$B,"ChatGPT") -> 0 | H80: =SUMIFS(Sessions!$I:$I,Sessions!$D:$D,$A80,Sessions!$B:$B,"Claude") -> 0 | I80: =SUMIFS(Sessions!$I:$I,Sessions!$D:$D,$A80,Sessions!$B:$B,"Gemini") -> 0 | J80: =SUMIFS(Sessions!$I:$I,Sessions!$D:$D,$A80,Sessions!$B:$B,"Copilot") -> 0 | K80: =IFERROR(F80/E80,"") -> 0 | L80: =IFERROR(J80/E80,"") -> 0 | M80: =IFERROR(E80/$E$106,"") -> 0.00032601608 | N80: =IFERROR(F80/$F$106,"") -> 0 | O80: cited, no landings | P80: =IF(F80=0,"",_xlfn.MINIFS(Sessions!$A:$A,Sessions!$D:$D,$A80)) | Q80: =IF(F80=0,"",_xlfn.MAXIFS(Sessions!$A:$A,Sessions!$D:$D,$A80)) | R80: =SUMIFS(Sessions!$J:$J,Sessions!$D:$D,$A80) -> 0
A81: https://ipfirstresponse.ipaustralia.gov.au/options/respond-opposition-filed-against-your-trade-mark | B81: /options/respond-opposition-filed-against-your-trade-mark | C81: options | D81: Respond to an opposition filed against your trade mark | E81: 2 | F81: =SUMIFS(Sessions!$I:$I,Sessions!$D:$D,$A81) -> 4 | G81: =SUMIFS(Sessions!$I:$I,Sessions!$D:$D,$A81,Sessions!$B:$B,"ChatGPT") -> 4 | H81: =SUMIFS(Sessions!$I:$I,Sessions!$D:$D,$A81,Sessions!$B:$B,"Claude") -> 0 | I81: =SUMIFS(Sessions!$I:$I,Sessions!$D:$D,$A81,Sessions!$B:$B,"Gemini") -> 0 | J81: =SUMIFS(Sessions!$I:$I,Sessions!$D:$D,$A81,Sessions!$B:$B,"Copilot") -> 0 | K81: =IFERROR(F81/E81,"") -> 2 | L81: =IFERROR(J81/E81,"") -> 0 | M81: =IFERROR(E81/$E$106,"") -> 0.00021734406 | N81: =IFERROR(F81/$F$106,"") -> 0.0090293454 | O81: cited and landed | P81: =IF(F81=0,"",_xlfn.MINIFS(Sessions!$A:$A,Sessions!$D:$D,$A81)) -> 46224 | Q81: =IF(F81=0,"",_xlfn.MAXIFS(Sessions!$A:$A,Sessions!$D:$D,$A81)) -> 46271 | R81: =SUMIFS(Sessions!$J:$J,Sessions!$D:$D,$A81) -> 4
A82: https://ipfirstresponse.ipaustralia.gov.au/blogs/naming-your-tech-startup-after-person-read-first | B82: /blogs/naming-your-tech-startup-after-person-read-first | C82: blogs | D82: Naming your tech-startup after a person? Read this first | E82: 2 | F82: =SUMIFS(Sessions!$I:$I,Sessions!$D:$D,$A82) -> 1 | G82: =SUMIFS(Sessions!$I:$I,Sessions!$D:$D,$A82,Sessions!$B:$B,"ChatGPT") -> 1 | H82: =SUMIFS(Sessions!$I:$I,Sessions!$D:$D,$A82,Sessions!$B:$B,"Claude") -> 0 | I82: =SUMIFS(Sessions!$I:$I,Sessions!$D:$D,$A82,Sessions!$B:$B,"Gemini") -> 0 | J82: =SUMIFS(Sessions!$I:$I,Sessions!$D:$D,$A82,Sessions!$B:$B,"Copilot") -> 0 | K82: =IFERROR(F82/E82,"") -> 0.5 | L82: =IFERROR(J82/E82,"") -> 0 | M82: =IFERROR(E82/$E$106,"") -> 0.00021734406 | N82: =IFERROR(F82/$F$106,"") -> 0.0022573363 | O82: cited and landed | P82: =IF(F82=0,"",_xlfn.MINIFS(Sessions!$A:$A,Sessions!$D:$D,$A82)) -> 46251 | Q82: =IF(F82=0,"",_xlfn.MAXIFS(Sessions!$A:$A,Sessions!$D:$D,$A82)) -> 46251 | R82: =SUMIFS(Sessions!$J:$J,Sessions!$D:$D,$A82) -> 1
A83: https://ipfirstresponse.ipaustralia.gov.au/options/oppose-ip-infringement-notice-online-marketplace | B83: /options/oppose-ip-infringement-notice-online-marketplace | C83: options | D83: Oppose an IP infringement notice from an online marketplace | E83: 2 | F83: =SUMIFS(Sessions!$I:$I,Sessions!$D:$D,$A83) -> 1 | G83: =SUMIFS(Sessions!$I:$I,Sessions!$D:$D,$A83,Sessions!$B:$B,"ChatGPT") -> 1 | H83: =SUMIFS(Sessions!$I:$I,Sessions!$D:$D,$A83,Sessions!$B:$B,"Claude") -> 0 | I83: =SUMIFS(Sessions!$I:$I,Sessions!$D:$D,$A83,Sessions!$B:$B,"Gemini") -> 0 | J83: =SUMIFS(Sessions!$I:$I,Sessions!$D:$D,$A83,Sessions!$B:$B,"Copilot") -> 0 | K83: =IFERROR(F83/E83,"") -> 0.5 | L83: =IFERROR(J83/E83,"") -> 0 | M83: =IFERROR(E83/$E$106,"") -> 0.00021734406 | N83: =IFERROR(F83/$F$106,"") -> 0.0022573363 | O83: cited and landed | P83: =IF(F83=0,"",_xlfn.MINIFS(Sessions!$A:$A,Sessions!$D:$D,$A83)) -> 46245 | Q83: =IF(F83=0,"",_xlfn.MAXIFS(Sessions!$A:$A,Sessions!$D:$D,$A83)) -> 46245 | R83: =SUMIFS(Sessions!$J:$J,Sessions!$D:$D,$A83) -> 1
A84: https://ipfirstresponse.ipaustralia.gov.au/options/challenge-granted-patent-accused | B84: /options/challenge-granted-patent-accused | C84: options | E84: 2 | F84: =SUMIFS(Sessions!$I:$I,Sessions!$D:$D,$A84) -> 0 | G84: =SUMIFS(Sessions!$I:$I,Sessions!$D:$D,$A84,Sessions!$B:$B,"ChatGPT") -> 0 | H84: =SUMIFS(Sessions!$I:$I,Sessions!$D:$D,$A84,Sessions!$B:$B,"Claude") -> 0 | I84: =SUMIFS(Sessions!$I:$I,Sessions!$D:$D,$A84,Sessions!$B:$B,"Gemini") -> 0 | J84: =SUMIFS(Sessions!$I:$I,Sessions!$D:$D,$A84,Sessions!$B:$B,"Copilot") -> 0 | K84: =IFERROR(F84/E84,"") -> 0 | L84: =IFERROR(J84/E84,"") -> 0 | M84: =IFERROR(E84/$E$106,"") -> 0.00021734406 | N84: =IFERROR(F84/$F$106,"") -> 0 | O84: cited, no landings | P84: =IF(F84=0,"",_xlfn.MINIFS(Sessions!$A:$A,Sessions!$D:$D,$A84)) | Q84: =IF(F84=0,"",_xlfn.MAXIFS(Sessions!$A:$A,Sessions!$D:$D,$A84)) | R84: =SUMIFS(Sessions!$J:$J,Sessions!$D:$D,$A84) -> 0
A85: https://ipfirstresponse.ipaustralia.gov.au/blogs/joint-custody-risks-sharing-ip | B85: /blogs/joint-custody-risks-sharing-ip | C85: blogs | D85: Joint custody: The risks of sharing IP | E85: 1 | F85: =SUMIFS(Sessions!$I:$I,Sessions!$D:$D,$A85) -> 1 | G85: =SUMIFS(Sessions!$I:$I,Sessions!$D:$D,$A85,Sessions!$B:$B,"ChatGPT") -> 1 | H85: =SUMIFS(Sessions!$I:$I,Sessions!$D:$D,$A85,Sessions!$B:$B,"Claude") -> 0 | I85: =SUMIFS(Sessions!$I:$I,Sessions!$D:$D,$A85,Sessions!$B:$B,"Gemini") -> 0 | J85: =SUMIFS(Sessions!$I:$I,Sessions!$D:$D,$A85,Sessions!$B:$B,"Copilot") -> 0 | K85: =IFERROR(F85/E85,"") -> 1 | L85: =IFERROR(J85/E85,"") -> 0 | M85: =IFERROR(E85/$E$106,"") -> 0.00010867203 | N85: =IFERROR(F85/$F$106,"") -> 0.0022573363 | O85: cited and landed | P85: =IF(F85=0,"",_xlfn.MINIFS(Sessions!$A:$A,Sessions!$D:$D,$A85)) -> 46240 | Q85: =IF(F85=0,"",_xlfn.MAXIFS(Sessions!$A:$A,Sessions!$D:$D,$A85)) -> 46240 | R85: =SUMIFS(Sessions!$J:$J,Sessions!$D:$D,$A85) -> 1
A86: https://ipfirstresponse.ipaustralia.gov.au/options/conduct-ip-audits-spot-gaps-reduce-risks-and-plan-next-steps | B86: /options/conduct-ip-audits-spot-gaps-reduce-risks-and-plan-next-steps | C86: options | E86: 1 | F86: =SUMIFS(Sessions!$I:$I,Sessions!$D:$D,$A86) -> 0 | G86: =SUMIFS(Sessions!$I:$I,Sessions!$D:$D,$A86,Sessions!$B:$B,"ChatGPT") -> 0 | H86: =SUMIFS(Sessions!$I:$I,Sessions!$D:$D,$A86,Sessions!$B:$B,"Claude") -> 0 | I86: =SUMIFS(Sessions!$I:$I,Sessions!$D:$D,$A86,Sessions!$B:$B,"Gemini") -> 0 | J86: =SUMIFS(Sessions!$I:$I,Sessions!$D:$D,$A86,Sessions!$B:$B,"Copilot") -> 0 | K86: =IFERROR(F86/E86,"") -> 0 | L86: =IFERROR(J86/E86,"") -> 0 | M86: =IFERROR(E86/$E$106,"") -> 0.00010867203 | N86: =IFERROR(F86/$F$106,"") -> 0 | O86: cited, no landings | P86: =IF(F86=0,"",_xlfn.MINIFS(Sessions!$A:$A,Sessions!$D:$D,$A86)) | Q86: =IF(F86=0,"",_xlfn.MAXIFS(Sessions!$A:$A,Sessions!$D:$D,$A86)) | R86: =SUMIFS(Sessions!$J:$J,Sessions!$D:$D,$A86) -> 0
A87: https://ipfirstresponse.ipaustralia.gov.au/options/court-designs | B87: /options/court-designs | C87: options | E87: 1 | F87: =SUMIFS(Sessions!$I:$I,Sessions!$D:$D,$A87) -> 0 | G87: =SUMIFS(Sessions!$I:$I,Sessions!$D:$D,$A87,Sessions!$B:$B,"ChatGPT") -> 0 | H87: =SUMIFS(Sessions!$I:$I,Sessions!$D:$D,$A87,Sessions!$B:$B,"Claude") -> 0 | I87: =SUMIFS(Sessions!$I:$I,Sessions!$D:$D,$A87,Sessions!$B:$B,"Gemini") -> 0 | J87: =SUMIFS(Sessions!$I:$I,Sessions!$D:$D,$A87,Sessions!$B:$B,"Copilot") -> 0 | K87: =IFERROR(F87/E87,"") -> 0 | L87: =IFERROR(J87/E87,"") -> 0 | M87: =IFERROR(E87/$E$106,"") -> 0.00010867203 | N87: =IFERROR(F87/$F$106,"") -> 0 | O87: cited, no landings | P87: =IF(F87=0,"",_xlfn.MINIFS(Sessions!$A:$A,Sessions!$D:$D,$A87)) | Q87: =IF(F87=0,"",_xlfn.MAXIFS(Sessions!$A:$A,Sessions!$D:$D,$A87)) | R87: =SUMIFS(Sessions!$J:$J,Sessions!$D:$D,$A87) -> 0
A88: https://ipfirstresponse.ipaustralia.gov.au/options/infringement-101-pbr-infringement | B88: /options/infringement-101-pbr-infringement | C88: options | E88: 1 | F88: =SUMIFS(Sessions!$I:$I,Sessions!$D:$D,$A88) -> 0 | G88: =SUMIFS(Sessions!$I:$I,Sessions!$D:$D,$A88,Sessions!$B:$B,"ChatGPT") -> 0 | H88: =SUMIFS(Sessions!$I:$I,Sessions!$D:$D,$A88,Sessions!$B:$B,"Claude") -> 0 | I88: =SUMIFS(Sessions!$I:$I,Sessions!$D:$D,$A88,Sessions!$B:$B,"Gemini") -> 0 | J88: =SUMIFS(Sessions!$I:$I,Sessions!$D:$D,$A88,Sessions!$B:$B,"Copilot") -> 0 | K88: =IFERROR(F88/E88,"") -> 0 | L88: =IFERROR(J88/E88,"") -> 0 | M88: =IFERROR(E88/$E$106,"") -> 0.00010867203 | N88: =IFERROR(F88/$F$106,"") -> 0 | O88: cited, no landings | P88: =IF(F88=0,"",_xlfn.MINIFS(Sessions!$A:$A,Sessions!$D:$D,$A88)) | Q88: =IF(F88=0,"",_xlfn.MAXIFS(Sessions!$A:$A,Sessions!$D:$D,$A88)) | R88: =SUMIFS(Sessions!$J:$J,Sessions!$D:$D,$A88) -> 0
A89: https://ipfirstresponse.ipaustralia.gov.au/options/prevent-patent-under-examination-being-granted | B89: /options/prevent-patent-under-examination-being-granted | C89: options | E89: 1 | F89: =SUMIFS(Sessions!$I:$I,Sessions!$D:$D,$A89) -> 0 | G89: =SUMIFS(Sessions!$I:$I,Sessions!$D:$D,$A89,Sessions!$B:$B,"ChatGPT") -> 0 | H89: =SUMIFS(Sessions!$I:$I,Sessions!$D:$D,$A89,Sessions!$B:$B,"Claude") -> 0 | I89: =SUMIFS(Sessions!$I:$I,Sessions!$D:$D,$A89,Sessions!$B:$B,"Gemini") -> 0 | J89: =SUMIFS(Sessions!$I:$I,Sessions!$D:$D,$A89,Sessions!$B:$B,"Copilot") -> 0 | K89: =IFERROR(F89/E89,"") -> 0 | L89: =IFERROR(J89/E89,"") -> 0 | M89: =IFERROR(E89/$E$106,"") -> 0.00010867203 | N89: =IFERROR(F89/$F$106,"") -> 0 | O89: cited, no landings | P89: =IF(F89=0,"",_xlfn.MINIFS(Sessions!$A:$A,Sessions!$D:$D,$A89)) | Q89: =IF(F89=0,"",_xlfn.MAXIFS(Sessions!$A:$A,Sessions!$D:$D,$A89)) | R89: =SUMIFS(Sessions!$J:$J,Sessions!$D:$D,$A89) -> 0
A90: https://ipfirstresponse.ipaustralia.gov.au/navigator-tool | B90: /navigator-tool | C90: (top level) | D90: Navigator Tool - Suspected Infringement | F90: =SUMIFS(Sessions!$I:$I,Sessions!$D:$D,$A90) -> 14 | G90: =SUMIFS(Sessions!$I:$I,Sessions!$D:$D,$A90,Sessions!$B:$B,"ChatGPT") -> 10 | H90: =SUMIFS(Sessions!$I:$I,Sessions!$D:$D,$A90,Sessions!$B:$B,"Claude") -> 2 | I90: =SUMIFS(Sessions!$I:$I,Sessions!$D:$D,$A90,Sessions!$B:$B,"Gemini") -> 2 | J90: =SUMIFS(Sessions!$I:$I,Sessions!$D:$D,$A90,Sessions!$B:$B,"Copilot") -> 0 | K90: =IFERROR(F90/E90,"") | L90: =IFERROR(J90/E90,"") | M90: =IFERROR(E90/$E$106,"") -> 0 | N90: =IFERROR(F90/$F$106,"") -> 0.031602709 | O90: landings, not cited | P90: =IF(F90=0,"",_xlfn.MINIFS(Sessions!$A:$A,Sessions!$D:$D,$A90)) -> 46168 | Q90: =IF(F90=0,"",_xlfn.MAXIFS(Sessions!$A:$A,Sessions!$D:$D,$A90)) -> 46266 | R90: =SUMIFS(Sessions!$J:$J,Sessions!$D:$D,$A90) -> 12
A91: https://ipfirstresponse.ipaustralia.gov.au/options/obtain-advice-help-manage-your-ip | B91: /options/obtain-advice-help-manage-your-ip | C91: options | D91: Obtain advice to help manage your IP | F91: =SUMIFS(Sessions!$I:$I,Sessions!$D:$D,$A91) -> 5 | G91: =SUMIFS(Sessions!$I:$I,Sessions!$D:$D,$A91,Sessions!$B:$B,"ChatGPT") -> 5 | H91: =SUMIFS(Sessions!$I:$I,Sessions!$D:$D,$A91,Sessions!$B:$B,"Claude") -> 0 | I91: =SUMIFS(Sessions!$I:$I,Sessions!$D:$D,$A91,Sessions!$B:$B,"Gemini") -> 0 | J91: =SUMIFS(Sessions!$I:$I,Sessions!$D:$D,$A91,Sessions!$B:$B,"Copilot") -> 0 | K91: =IFERROR(F91/E91,"") | L91: =IFERROR(J91/E91,"") | M91: =IFERROR(E91/$E$106,"") -> 0 | N91: =IFERROR(F91/$F$106,"") -> 0.011286682 | O91: landings, not cited | P91: =IF(F91=0,"",_xlfn.MINIFS(Sessions!$A:$A,Sessions!$D:$D,$A91)) -> 46245 | Q91: =IF(F91=0,"",_xlfn.MAXIFS(Sessions!$A:$A,Sessions!$D:$D,$A91)) -> 46256 | R91: =SUMIFS(Sessions!$J:$J,Sessions!$D:$D,$A91) -> 5
A92: https://ipfirstresponse.ipaustralia.gov.au/site-search | B92: /site-search | C92: (top level) | D92: Search | F92: =SUMIFS(Sessions!$I:$I,Sessions!$D:$D,$A92) -> 4 | G92: =SUMIFS(Sessions!$I:$I,Sessions!$D:$D,$A92,Sessions!$B:$B,"ChatGPT") -> 3 | H92: =SUMIFS(Sessions!$I:$I,Sessions!$D:$D,$A92,Sessions!$B:$B,"Claude") -> 0 | I92: =SUMIFS(Sessions!$I:$I,Sessions!$D:$D,$A92,Sessions!$B:$B,"Gemini") -> 1 | J92: =SUMIFS(Sessions!$I:$I,Sessions!$D:$D,$A92,Sessions!$B:$B,"Copilot") -> 0 | K92: =IFERROR(F92/E92,"") | L92: =IFERROR(J92/E92,"") | M92: =IFERROR(E92/$E$106,"") -> 0 | N92: =IFERROR(F92/$F$106,"") -> 0.0090293454 | O92: landings, not cited | P92: =IF(F92=0,"",_xlfn.MINIFS(Sessions!$A:$A,Sessions!$D:$D,$A92)) -> 46168 | Q92: =IF(F92=0,"",_xlfn.MAXIFS(Sessions!$A:$A,Sessions!$D:$D,$A92)) -> 46262 | R92: =SUMIFS(Sessions!$J:$J,Sessions!$D:$D,$A92) -> 4
A93: https://ipfirstresponse.ipaustralia.gov.au/chatbot-privacy-notice | B93: /chatbot-privacy-notice | C93: (top level) | D93: IP First Response Chatbot Privacy Notice | F93: =SUMIFS(Sessions!$I:$I,Sessions!$D:$D,$A93) -> 3 | G93: =SUMIFS(Sessions!$I:$I,Sessions!$D:$D,$A93,Sessions!$B:$B,"ChatGPT") -> 3 | H93: =SUMIFS(Sessions!$I:$I,Sessions!$D:$D,$A93,Sessions!$B:$B,"Claude") -> 0 | I93: =SUMIFS(Sessions!$I:$I,Sessions!$D:$D,$A93,Sessions!$B:$B,"Gemini") -> 0 | J93: =SUMIFS(Sessions!$I:$I,Sessions!$D:$D,$A93,Sessions!$B:$B,"Copilot") -> 0 | K93: =IFERROR(F93/E93,"") | L93: =IFERROR(J93/E93,"") | M93: =IFERROR(E93/$E$106,"") -> 0 | N93: =IFERROR(F93/$F$106,"") -> 0.006772009 | O93: landings, not cited | P93: =IF(F93=0,"",_xlfn.MINIFS(Sessions!$A:$A,Sessions!$D:$D,$A93)) -> 46262 | Q93: =IF(F93=0,"",_xlfn.MAXIFS(Sessions!$A:$A,Sessions!$D:$D,$A93)) -> 46274 | R93: =SUMIFS(Sessions!$J:$J,Sessions!$D:$D,$A93) -> 2
A94: https://ipfirstresponse.ipaustralia.gov.au/options/inform-online-platforms-you-have-ip-rights | B94: /options/inform-online-platforms-you-have-ip-rights | C94: options | D94: Inform online platforms that you have IP rights | F94: =SUMIFS(Sessions!$I:$I,Sessions!$D:$D,$A94) -> 3 | G94: =SUMIFS(Sessions!$I:$I,Sessions!$D:$D,$A94,Sessions!$B:$B,"ChatGPT") -> 3 | H94: =SUMIFS(Sessions!$I:$I,Sessions!$D:$D,$A94,Sessions!$B:$B,"Claude") -> 0 | I94: =SUMIFS(Sessions!$I:$I,Sessions!$D:$D,$A94,Sessions!$B:$B,"Gemini") -> 0 | J94: =SUMIFS(Sessions!$I:$I,Sessions!$D:$D,$A94,Sessions!$B:$B,"Copilot") -> 0 | K94: =IFERROR(F94/E94,"") | L94: =IFERROR(J94/E94,"") | M94: =IFERROR(E94/$E$106,"") -> 0 | N94: =IFERROR(F94/$F$106,"") -> 0.006772009 | O94: landings, not cited | P94: =IF(F94=0,"",_xlfn.MINIFS(Sessions!$A:$A,Sessions!$D:$D,$A94)) -> 46196 | Q94: =IF(F94=0,"",_xlfn.MAXIFS(Sessions!$A:$A,Sessions!$D:$D,$A94)) -> 46255 | R94: =SUMIFS(Sessions!$J:$J,Sessions!$D:$D,$A94) -> 3
A95: https://ipfirstresponse.ipaustralia.gov.au/options/considerations-when-using-artificial-intelligence-create-ip- | B95: /options/considerations-when-using-artificial-intelligence-create-ip- | C95: options | D95: Page not found | F95: =SUMIFS(Sessions!$I:$I,Sessions!$D:$D,$A95) -> 2 | G95: =SUMIFS(Sessions!$I:$I,Sessions!$D:$D,$A95,Sessions!$B:$B,"ChatGPT") -> 2 | H95: =SUMIFS(Sessions!$I:$I,Sessions!$D:$D,$A95,Sessions!$B:$B,"Claude") -> 0 | I95: =SUMIFS(Sessions!$I:$I,Sessions!$D:$D,$A95,Sessions!$B:$B,"Gemini") -> 0 | J95: =SUMIFS(Sessions!$I:$I,Sessions!$D:$D,$A95,Sessions!$B:$B,"Copilot") -> 0 | K95: =IFERROR(F95/E95,"") | L95: =IFERROR(J95/E95,"") | M95: =IFERROR(E95/$E$106,"") -> 0 | N95: =IFERROR(F95/$F$106,"") -> 0.0045146727 | O95: landings, not cited | P95: =IF(F95=0,"",_xlfn.MINIFS(Sessions!$A:$A,Sessions!$D:$D,$A95)) -> 46233 | Q95: =IF(F95=0,"",_xlfn.MAXIFS(Sessions!$A:$A,Sessions!$D:$D,$A95)) -> 46266 | R95: =SUMIFS(Sessions!$J:$J,Sessions!$D:$D,$A95) -> 2
A96: https://ipfirstresponse.ipaustralia.gov.au/options/how-does-ip-australia-compare-other-government-services | B96: /options/how-does-ip-australia-compare-other-government-services | C96: options | D96: How does IP Australia compare to other government services? | F96: =SUMIFS(Sessions!$I:$I,Sessions!$D:$D,$A96) -> 2 | G96: =SUMIFS(Sessions!$I:$I,Sessions!$D:$D,$A96,Sessions!$B:$B,"ChatGPT") -> 2 | H96: =SUMIFS(Sessions!$I:$I,Sessions!$D:$D,$A96,Sessions!$B:$B,"Claude") -> 0 | I96: =SUMIFS(Sessions!$I:$I,Sessions!$D:$D,$A96,Sessions!$B:$B,"Gemini") -> 0 | J96: =SUMIFS(Sessions!$I:$I,Sessions!$D:$D,$A96,Sessions!$B:$B,"Copilot") -> 0 | K96: =IFERROR(F96/E96,"") | L96: =IFERROR(J96/E96,"") | M96: =IFERROR(E96/$E$106,"") -> 0 | N96: =IFERROR(F96/$F$106,"") -> 0.0045146727 | O96: landings, not cited | P96: =IF(F96=0,"",_xlfn.MINIFS(Sessions!$A:$A,Sessions!$D:$D,$A96)) -> 46177 | Q96: =IF(F96=0,"",_xlfn.MAXIFS(Sessions!$A:$A,Sessions!$D:$D,$A96)) -> 46245 | R96: =SUMIFS(Sessions!$J:$J,Sessions!$D:$D,$A96) -> 2
A97: https://ipfirstresponse.ipaustralia.gov.au/options/notify-online-marketplaces-infringement-their-platform | B97: /options/notify-online-marketplaces-infringement-their-platform | C97: options | D97: Notify online marketplaces of infringement on their platform | F97: =SUMIFS(Sessions!$I:$I,Sessions!$D:$D,$A97) -> 2 | G97: =SUMIFS(Sessions!$I:$I,Sessions!$D:$D,$A97,Sessions!$B:$B,"ChatGPT") -> 2 | H97: =SUMIFS(Sessions!$I:$I,Sessions!$D:$D,$A97,Sessions!$B:$B,"Claude") -> 0 | I97: =SUMIFS(Sessions!$I:$I,Sessions!$D:$D,$A97,Sessions!$B:$B,"Gemini") -> 0 | J97: =SUMIFS(Sessions!$I:$I,Sessions!$D:$D,$A97,Sessions!$B:$B,"Copilot") -> 0 | K97: =IFERROR(F97/E97,"") | L97: =IFERROR(J97/E97,"") | M97: =IFERROR(E97/$E$106,"") -> 0 | N97: =IFERROR(F97/$F$106,"") -> 0.0045146727 | O97: landings, not cited | P97: =IF(F97=0,"",_xlfn.MINIFS(Sessions!$A:$A,Sessions!$D:$D,$A97)) -> 46254 | Q97: =IF(F97=0,"",_xlfn.MAXIFS(Sessions!$A:$A,Sessions!$D:$D,$A97)) -> 46272 | R97: =SUMIFS(Sessions!$J:$J,Sessions!$D:$D,$A97) -> 2
A98: https://ipfirstresponse.ipaustralia.gov.au/blogs | B98: /blogs | C98: (top level) | D98: Blogs | F98: =SUMIFS(Sessions!$I:$I,Sessions!$D:$D,$A98) -> 1 | G98: =SUMIFS(Sessions!$I:$I,Sessions!$D:$D,$A98,Sessions!$B:$B,"ChatGPT") -> 0 | H98: =SUMIFS(Sessions!$I:$I,Sessions!$D:$D,$A98,Sessions!$B:$B,"Claude") -> 0 | I98: =SUMIFS(Sessions!$I:$I,Sessions!$D:$D,$A98,Sessions!$B:$B,"Gemini") -> 1 | J98: =SUMIFS(Sessions!$I:$I,Sessions!$D:$D,$A98,Sessions!$B:$B,"Copilot") -> 0 | K98: =IFERROR(F98/E98,"") | L98: =IFERROR(J98/E98,"") | M98: =IFERROR(E98/$E$106,"") -> 0 | N98: =IFERROR(F98/$F$106,"") -> 0.0022573363 | O98: landings, not cited | P98: =IF(F98=0,"",_xlfn.MINIFS(Sessions!$A:$A,Sessions!$D:$D,$A98)) -> 46244 | Q98: =IF(F98=0,"",_xlfn.MAXIFS(Sessions!$A:$A,Sessions!$D:$D,$A98)) -> 46244 | R98: =SUMIFS(Sessions!$J:$J,Sessions!$D:$D,$A98) -> 1
A99: https://ipfirstresponse.ipaustralia.gov.au/options/assert-your-rights-response-accusation | B99: /options/assert-your-rights-response-accusation | C99: options | D99: Assert your rights, as a response to an accusation | F99: =SUMIFS(Sessions!$I:$I,Sessions!$D:$D,$A99) -> 1 | G99: =SUMIFS(Sessions!$I:$I,Sessions!$D:$D,$A99,Sessions!$B:$B,"ChatGPT") -> 1 | H99: =SUMIFS(Sessions!$I:$I,Sessions!$D:$D,$A99,Sessions!$B:$B,"Claude") -> 0 | I99: =SUMIFS(Sessions!$I:$I,Sessions!$D:$D,$A99,Sessions!$B:$B,"Gemini") -> 0 | J99: =SUMIFS(Sessions!$I:$I,Sessions!$D:$D,$A99,Sessions!$B:$B,"Copilot") -> 0 | K99: =IFERROR(F99/E99,"") | L99: =IFERROR(J99/E99,"") | M99: =IFERROR(E99/$E$106,"") -> 0 | N99: =IFERROR(F99/$F$106,"") -> 0.0022573363 | O99: landings, not cited | P99: =IF(F99=0,"",_xlfn.MINIFS(Sessions!$A:$A,Sessions!$D:$D,$A99)) -> 46256 | Q99: =IF(F99=0,"",_xlfn.MAXIFS(Sessions!$A:$A,Sessions!$D:$D,$A99)) -> 46256 | R99: =SUMIFS(Sessions!$J:$J,Sessions!$D:$D,$A99) -> 1
A100: https://ipfirstresponse.ipaustralia.gov.au/options/challenge-use-international-domain-name | B100: /options/challenge-use-international-domain-name | C100: options | D100: Challenge the use of international domain name | F100: =SUMIFS(Sessions!$I:$I,Sessions!$D:$D,$A100) -> 1 | G100: =SUMIFS(Sessions!$I:$I,Sessions!$D:$D,$A100,Sessions!$B:$B,"ChatGPT") -> 1 | H100: =SUMIFS(Sessions!$I:$I,Sessions!$D:$D,$A100,Sessions!$B:$B,"Claude") -> 0 | I100: =SUMIFS(Sessions!$I:$I,Sessions!$D:$D,$A100,Sessions!$B:$B,"Gemini") -> 0 | J100: =SUMIFS(Sessions!$I:$I,Sessions!$D:$D,$A100,Sessions!$B:$B,"Copilot") -> 0 | K100: =IFERROR(F100/E100,"") | L100: =IFERROR(J100/E100,"") | M100: =IFERROR(E100/$E$106,"") -> 0 | N100: =IFERROR(F100/$F$106,"") -> 0.0022573363 | O100: landings, not cited | P100: =IF(F100=0,"",_xlfn.MINIFS(Sessions!$A:$A,Sessions!$D:$D,$A100)) -> 46259 | Q100: =IF(F100=0,"",_xlfn.MAXIFS(Sessions!$A:$A,Sessions!$D:$D,$A100)) -> 46259 | R100: =SUMIFS(Sessions!$J:$J,Sessions!$D:$D,$A100) -> 1
...

Sheet Daily
A1: date | B1: year | C1: month | D1: ISO week | E1: week starting | F1: day | G1: weekend | H1: citations (Bing AI) | I1: cited pages | J1: sessions (all AI referrers) | K1: ChatGPT | L1: Claude | M1: Gemini | N1: Copilot | O1: CTR all referrers | P1: CTR Copilot only | Q1: source coverage
A2: 46156 | B2: 2026 | C2: May 2026 | D2: 20 | E2: 46153 | F2: Thu | G2: no | H2: 123 | I2: 15 | J2: =SUMIFS(Sessions!$I:$I,Sessions!$A:$A,$A2) -> 0 | K2: =SUMIFS(Sessions!$I:$I,Sessions!$A:$A,$A2,Sessions!$B:$B,"ChatGPT") -> 0 | L2: =SUMIFS(Sessions!$I:$I,Sessions!$A:$A,$A2,Sessions!$B:$B,"Claude") -> 0 | M2: =SUMIFS(Sessions!$I:$I,Sessions!$A:$A,$A2,Sessions!$B:$B,"Gemini") -> 0 | N2: =SUMIFS(Sessions!$I:$I,Sessions!$A:$A,$A2,Sessions!$B:$B,"Copilot") -> 0 | O2: =IFERROR(J2/H2,"") -> 0 | P2: =IFERROR(N2/H2,"") -> 0 | Q2: citations only
A3: 46157 | B3: 2026 | C3: May 2026 | D3: 20 | E3: 46153 | F3: Fri | G3: no | H3: 34 | I3: 9 | J3: =SUMIFS(Sessions!$I:$I,Sessions!$A:$A,$A3) -> 1 | K3: =SUMIFS(Sessions!$I:$I,Sessions!$A:$A,$A3,Sessions!$B:$B,"ChatGPT") -> 0 | L3: =SUMIFS(Sessions!$I:$I,Sessions!$A:$A,$A3,Sessions!$B:$B,"Claude") -> 1 | M3: =SUMIFS(Sessions!$I:$I,Sessions!$A:$A,$A3,Sessions!$B:$B,"Gemini") -> 0 | N3: =SUMIFS(Sessions!$I:$I,Sessions!$A:$A,$A3,Sessions!$B:$B,"Copilot") -> 0 | O3: =IFERROR(J3/H3,"") -> 0.029411765 | P3: =IFERROR(N3/H3,"") -> 0 | Q3: both
A4: 46158 | B4: 2026 | C4: May 2026 | D4: 20 | E4: 46153 | F4: Sat | G4: yes | H4: 23 | I4: 6 | J4: =SUMIFS(Sessions!$I:$I,Sessions!$A:$A,$A4) -> 1 | K4: =SUMIFS(Sessions!$I:$I,Sessions!$A:$A,$A4,Sessions!$B:$B,"ChatGPT") -> 1 | L4: =SUMIFS(Sessions!$I:$I,Sessions!$A:$A,$A4,Sessions!$B:$B,"Claude") -> 0 | M4: =SUMIFS(Sessions!$I:$I,Sessions!$A:$A,$A4,Sessions!$B:$B,"Gemini") -> 0 | N4: =SUMIFS(Sessions!$I:$I,Sessions!$A:$A,$A4,Sessions!$B:$B,"Copilot") -> 0 | O4: =IFERROR(J4/H4,"") -> 0.043478261 | P4: =IFERROR(N4/H4,"") -> 0 | Q4: both
A5: 46159 | B5: 2026 | C5: May 2026 | D5: 20 | E5: 46153 | F5: Sun | G5: yes | H5: 79 | I5: 14 | J5: =SUMIFS(Sessions!$I:$I,Sessions!$A:$A,$A5) -> 0 | K5: =SUMIFS(Sessions!$I:$I,Sessions!$A:$A,$A5,Sessions!$B:$B,"ChatGPT") -> 0 | L5: =SUMIFS(Sessions!$I:$I,Sessions!$A:$A,$A5,Sessions!$B:$B,"Claude") -> 0 | M5: =SUMIFS(Sessions!$I:$I,Sessions!$A:$A,$A5,Sessions!$B:$B,"Gemini") -> 0 | N5: =SUMIFS(Sessions!$I:$I,Sessions!$A:$A,$A5,Sessions!$B:$B,"Copilot") -> 0 | O5: =IFERROR(J5/H5,"") -> 0 | P5: =IFERROR(N5/H5,"") -> 0 | Q5: both
A6: 46160 | B6: 2026 | C6: May 2026 | D6: 21 | E6: 46160 | F6: Mon | G6: no | H6: 54 | I6: 15 | J6: =SUMIFS(Sessions!$I:$I,Sessions!$A:$A,$A6) -> 1 | K6: =SUMIFS(Sessions!$I:$I,Sessions!$A:$A,$A6,Sessions!$B:$B,"ChatGPT") -> 0 | L6: =SUMIFS(Sessions!$I:$I,Sessions!$A:$A,$A6,Sessions!$B:$B,"Claude") -> 1 | M6: =SUMIFS(Sessions!$I:$I,Sessions!$A:$A,$A6,Sessions!$B:$B,"Gemini") -> 0 | N6: =SUMIFS(Sessions!$I:$I,Sessions!$A:$A,$A6,Sessions!$B:$B,"Copilot") -> 0 | O6: =IFERROR(J6/H6,"") -> 0.018518519 | P6: =IFERROR(N6/H6,"") -> 0 | Q6: both
A7: 46161 | B7: 2026 | C7: May 2026 | D7: 21 | E7: 46160 | F7: Tue | G7: no | H7: 84 | I7: 14 | J7: =SUMIFS(Sessions!$I:$I,Sessions!$A:$A,$A7) -> 2 | K7: =SUMIFS(Sessions!$I:$I,Sessions!$A:$A,$A7,Sessions!$B:$B,"ChatGPT") -> 2 | L7: =SUMIFS(Sessions!$I:$I,Sessions!$A:$A,$A7,Sessions!$B:$B,"Claude") -> 0 | M7: =SUMIFS(Sessions!$I:$I,Sessions!$A:$A,$A7,Sessions!$B:$B,"Gemini") -> 0 | N7: =SUMIFS(Sessions!$I:$I,Sessions!$A:$A,$A7,Sessions!$B:$B,"Copilot") -> 0 | O7: =IFERROR(J7/H7,"") -> 0.023809524 | P7: =IFERROR(N7/H7,"") -> 0 | Q7: both
A8: 46162 | B8: 2026 | C8: May 2026 | D8: 21 | E8: 46160 | F8: Wed | G8: no | H8: 64 | I8: 9 | J8: =SUMIFS(Sessions!$I:$I,Sessions!$A:$A,$A8) -> 2 | K8: =SUMIFS(Sessions!$I:$I,Sessions!$A:$A,$A8,Sessions!$B:$B,"ChatGPT") -> 2 | L8: =SUMIFS(Sessions!$I:$I,Sessions!$A:$A,$A8,Sessions!$B:$B,"Claude") -> 0 | M8: =SUMIFS(Sessions!$I:$I,Sessions!$A:$A,$A8,Sessions!$B:$B,"Gemini") -> 0 | N8: =SUMIFS(Sessions!$I:$I,Sessions!$A:$A,$A8,Sessions!$B:$B,"Copilot") -> 0 | O8: =IFERROR(J8/H8,"") -> 0.03125 | P8: =IFERROR(N8/H8,"") -> 0 | Q8: both
A9: 46163 | B9: 2026 | C9: May 2026 | D9: 21 | E9: 46160 | F9: Thu | G9: no | H9: 74 | I9: 12 | J9: =SUMIFS(Sessions!$I:$I,Sessions!$A:$A,$A9) -> 3 | K9: =SUMIFS(Sessions!$I:$I,Sessions!$A:$A,$A9,Sessions!$B:$B,"ChatGPT") -> 3 | L9: =SUMIFS(Sessions!$I:$I,Sessions!$A:$A,$A9,Sessions!$B:$B,"Claude") -> 0 | M9: =SUMIFS(Sessions!$I:$I,Sessions!$A:$A,$A9,Sessions!$B:$B,"Gemini") -> 0 | N9: =SUMIFS(Sessions!$I:$I,Sessions!$A:$A,$A9,Sessions!$B:$B,"Copilot") -> 0 | O9: =IFERROR(J9/H9,"") -> 0.040540541 | P9: =IFERROR(N9/H9,"") -> 0 | Q9: both
A10: 46164 | B10: 2026 | C10: May 2026 | D10: 21 | E10: 46160 | F10: Fri | G10: no | H10: 28 | I10: 7 | J10: =SUMIFS(Sessions!$I:$I,Sessions!$A:$A,$A10) -> 2 | K10: =SUMIFS(Sessions!$I:$I,Sessions!$A:$A,$A10,Sessions!$B:$B,"ChatGPT") -> 1 | L10: =SUMIFS(Sessions!$I:$I,Sessions!$A:$A,$A10,Sessions!$B:$B,"Claude") -> 0 | M10: =SUMIFS(Sessions!$I:$I,Sessions!$A:$A,$A10,Sessions!$B:$B,"Gemini") -> 0 | N10: =SUMIFS(Sessions!$I:$I,Sessions!$A:$A,$A10,Sessions!$B:$B,"Copilot") -> 1 | O10: =IFERROR(J10/H10,"") -> 0.071428571 | P10: =IFERROR(N10/H10,"") -> 0.035714286 | Q10: both
A11: 46165 | B11: 2026 | C11: May 2026 | D11: 21 | E11: 46160 | F11: Sat | G11: yes | H11: 22 | I11: 6 | J11: =SUMIFS(Sessions!$I:$I,Sessions!$A:$A,$A11) -> 0 | K11: =SUMIFS(Sessions!$I:$I,Sessions!$A:$A,$A11,Sessions!$B:$B,"ChatGPT") -> 0 | L11: =SUMIFS(Sessions!$I:$I,Sessions!$A:$A,$A11,Sessions!$B:$B,"Claude") -> 0 | M11: =SUMIFS(Sessions!$I:$I,Sessions!$A:$A,$A11,Sessions!$B:$B,"Gemini") -> 0 | N11: =SUMIFS(Sessions!$I:$I,Sessions!$A:$A,$A11,Sessions!$B:$B,"Copilot") -> 0 | O11: =IFERROR(J11/H11,"") -> 0 | P11: =IFERROR(N11/H11,"") -> 0 | Q11: both
A12: 46166 | B12: 2026 | C12: May 2026 | D12: 21 | E12: 46160 | F12: Sun | G12: yes | H12: 23 | I12: 8 | J12: =SUMIFS(Sessions!$I:$I,Sessions!$A:$A,$A12) -> 0 | K12: =SUMIFS(Sessions!$I:$I,Sessions!$A:$A,$A12,Sessions!$B:$B,"ChatGPT") -> 0 | L12: =SUMIFS(Sessions!$I:$I,Sessions!$A:$A,$A12,Sessions!$B:$B,"Claude") -> 0 | M12: =SUMIFS(Sessions!$I:$I,Sessions!$A:$A,$A12,Sessions!$B:$B,"Gemini") -> 0 | N12: =SUMIFS(Sessions!$I:$I,Sessions!$A:$A,$A12,Sessions!$B:$B,"Copilot") -> 0 | O12: =IFERROR(J12/H12,"") -> 0 | P12: =IFERROR(N12/H12,"") -> 0 | Q12: both
A13: 46167 | B13: 2026 | C13: May 2026 | D13: 22 | E13: 46167 | F13: Mon | G13: no | H13: 78 | I13: 18 | J13: =SUMIFS(Sessions!$I:$I,Sessions!$A:$A,$A13) -> 2 | K13: =SUMIFS(Sessions!$I:$I,Sessions!$A:$A,$A13,Sessions!$B:$B,"ChatGPT") -> 1 | L13: =SUMIFS(Sessions!$I:$I,Sessions!$A:$A,$A13,Sessions!$B:$B,"Claude") -> 1 | M13: =SUMIFS(Sessions!$I:$I,Sessions!$A:$A,$A13,Sessions!$B:$B,"Gemini") -> 0 | N13: =SUMIFS(Sessions!$I:$I,Sessions!$A:$A,$A13,Sessions!$B:$B,"Copilot") -> 0 | O13: =IFERROR(J13/H13,"") -> 0.025641026 | P13: =IFERROR(N13/H13,"") -> 0 | Q13: both
... A119: 46273 | B119: 2026 | C119: Sep 2026 | D119: 37 | E119: 46272 | F119: Tue | G119: no | H119: 121 | I119: 19 | J119: =SUMIFS(Sessions!$I:$I,Sessions!$A:$A,$A119) -> 7 | K119: =SUMIFS(Sessions!$I:$I,Sessions!$A:$A,$A119,Sessions!$B:$B,"ChatGPT") -> 7 | L119: =SUMIFS(Sessions!$I:$I,Sessions!$A:$A,$A119,Sessions!$B:$B,"Claude") -> 0 | M119: =SUMIFS(Sessions!$I:$I,Sessions!$A:$A,$A119,Sessions!$B:$B,"Gemini") -> 0 | N119: =SUMIFS(Sessions!$I:$I,Sessions!$A:$A,$A119,Sessions!$B:$B,"Copilot") -> 0 | O119: =IFERROR(J119/H119,"") -> 0.05785124 | P119: =IFERROR(N119/H119,"") -> 0 | Q119: both
A120: 46274 | B120: 2026 | C120: Sep 2026 | D120: 37 | E120: 46272 | F120: Wed | G120: no | J120: =SUMIFS(Sessions!$I:$I,Sessions!$A:$A,$A120) -> 7 | K120: =SUMIFS(Sessions!$I:$I,Sessions!$A:$A,$A120,Sessions!$B:$B,"ChatGPT") -> 7 | L120: =SUMIFS(Sessions!$I:$I,Sessions!$A:$A,$A120,Sessions!$B:$B,"Claude") -> 0 | M120: =SUMIFS(Sessions!$I:$I,Sessions!$A:$A,$A120,Sessions!$B:$B,"Gemini") -> 0 | N120: =SUMIFS(Sessions!$I:$I,Sessions!$A:$A,$A120,Sessions!$B:$B,"Copilot") -> 0 | O120: =IFERROR(J120/H120,"") | P120: =IFERROR(N120/H120,"") | Q120: sessions only
A121: 46275 | B121: 2026 | C121: Sep 2026 | D121: 37 | E121: 46272 | F121: Thu | G121: no | J121: =SUMIFS(Sessions!$I:$I,Sessions!$A:$A,$A121) -> 11 | K121: =SUMIFS(Sessions!$I:$I,Sessions!$A:$A,$A121,Sessions!$B:$B,"ChatGPT") -> 11 | L121: =SUMIFS(Sessions!$I:$I,Sessions!$A:$A,$A121,Sessions!$B:$B,"Claude") -> 0 | M121: =SUMIFS(Sessions!$I:$I,Sessions!$A:$A,$A121,Sessions!$B:$B,"Gemini") -> 0 | N121: =SUMIFS(Sessions!$I:$I,Sessions!$A:$A,$A121,Sessions!$B:$B,"Copilot") -> 0 | O121: =IFERROR(J121/H121,"") | P121: =IFERROR(N121/H121,"") | Q121: sessions only
A122: 46276 | B122: 2026 | C122: Sep 2026 | D122: 37 | E122: 46272 | F122: Fri | G122: no | J122: =SUMIFS(Sessions!$I:$I,Sessions!$A:$A,$A122) -> 1 | K122: =SUMIFS(Sessions!$I:$I,Sessions!$A:$A,$A122,Sessions!$B:$B,"ChatGPT") -> 1 | L122: =SUMIFS(Sessions!$I:$I,Sessions!$A:$A,$A122,Sessions!$B:$B,"Claude") -> 0 | M122: =SUMIFS(Sessions!$I:$I,Sessions!$A:$A,$A122,Sessions!$B:$B,"Gemini") -> 0 | N122: =SUMIFS(Sessions!$I:$I,Sessions!$A:$A,$A122,Sessions!$B:$B,"Copilot") -> 0 | O122: =IFERROR(J122/H122,"") | P122: =IFERROR(N122/H122,"") | Q122: sessions only
A123: TOTAL (visible rows) | H123: =SUBTOTAL(109,H2:H122) -> 10465 | I123: =SUBTOTAL(101,I2:I122) -> 12.567797 | J123: =SUBTOTAL(109,J2:J122) -> 443 | K123: =SUBTOTAL(109,K2:K122) -> 401 | L123: =SUBTOTAL(109,L2:L122) -> 22 | M123: =SUBTOTAL(109,M2:M122) -> 17 | N123: =SUBTOTAL(109,N2:N122) -> 3 | O123: =IFERROR(J123/H123,"") -> 0.042331581 | P123: =IFERROR(N123/H123,"") -> 0.00028666985
A125: 'cited pages' is a daily count of distinct pages, so the total row shows its average rather than a sum. Days outside one source are left blank, not zero.

Sheet Weekly
A1: week starting | B1: week ending | C1: ISO week | D1: days in range | E1: citations (Bing AI) | F1: sessions (all AI referrers) | G1: ChatGPT | H1: Claude | I1: Gemini | J1: Copilot | K1: CTR (weekly totals) | L1: CTR (mean of daily CTRs) | M1: avg cited pages per day | N1: complete week
A2: 46153 | B2: 46159 | C2: 2026-W20 | D2: 4 | E2: =SUMIFS(Daily!$H:$H,Daily!$E:$E,$A2) -> 259 | F2: =SUMIFS(Daily!$J:$J,Daily!$E:$E,$A2) -> 2 | G2: =SUMIFS(Daily!$K:$K,Daily!$E:$E,$A2) -> 1 | H2: =SUMIFS(Daily!$L:$L,Daily!$E:$E,$A2) -> 1 | I2: =SUMIFS(Daily!$M:$M,Daily!$E:$E,$A2) -> 0 | J2: =SUMIFS(Daily!$N:$N,Daily!$E:$E,$A2) -> 0 | K2: =IFERROR(F2/E2,"") -> 0.0077220077 | L2: =IFERROR(AVERAGEIFS(Daily!$O:$O,Daily!$E:$E,$A2),"") -> 0.018222506 | M2: =IFERROR(AVERAGEIFS(Daily!$I:$I,Daily!$E:$E,$A2),"") -> 11 | N2: no (partial)
A3: 46160 | B3: 46166 | C3: 2026-W21 | D3: 7 | E3: =SUMIFS(Daily!$H:$H,Daily!$E:$E,$A3) -> 349 | F3: =SUMIFS(Daily!$J:$J,Daily!$E:$E,$A3) -> 10 | G3: =SUMIFS(Daily!$K:$K,Daily!$E:$E,$A3) -> 8 | H3: =SUMIFS(Daily!$L:$L,Daily!$E:$E,$A3) -> 1 | I3: =SUMIFS(Daily!$M:$M,Daily!$E:$E,$A3) -> 0 | J3: =SUMIFS(Daily!$N:$N,Daily!$E:$E,$A3) -> 1 | K3: =IFERROR(F3/E3,"") -> 0.028653295 | L3: =IFERROR(AVERAGEIFS(Daily!$O:$O,Daily!$E:$E,$A3),"") -> 0.026506736 | M3: =IFERROR(AVERAGEIFS(Daily!$I:$I,Daily!$E:$E,$A3),"") -> 10.142857 | N3: yes
A4: 46167 | B4: 46173 | C4: 2026-W22 | D4: 7 | E4: =SUMIFS(Daily!$H:$H,Daily!$E:$E,$A4) -> 314 | F4: =SUMIFS(Daily!$J:$J,Daily!$E:$E,$A4) -> 15 | G4: =SUMIFS(Daily!$K:$K,Daily!$E:$E,$A4) -> 10 | H4: =SUMIFS(Daily!$L:$L,Daily!$E:$E,$A4) -> 2 | I4: =SUMIFS(Daily!$M:$M,Daily!$E:$E,$A4) -> 3 | J4: =SUMIFS(Daily!$N:$N,Daily!$E:$E,$A4) -> 0 | K4: =IFERROR(F4/E4,"") -> 0.047770701 | L4: =IFERROR(AVERAGEIFS(Daily!$O:$O,Daily!$E:$E,$A4),"") -> 0.044232565 | M4: =IFERROR(AVERAGEIFS(Daily!$I:$I,Daily!$E:$E,$A4),"") -> 11.428571 | N4: yes
A5: 46174 | B5: 46180 | C5: 2026-W23 | D5: 7 | E5: =SUMIFS(Daily!$H:$H,Daily!$E:$E,$A5) -> 897 | F5: =SUMIFS(Daily!$J:$J,Daily!$E:$E,$A5) -> 10 | G5: =SUMIFS(Daily!$K:$K,Daily!$E:$E,$A5) -> 9 | H5: =SUMIFS(Daily!$L:$L,Daily!$E:$E,$A5) -> 0 | I5: =SUMIFS(Daily!$M:$M,Daily!$E:$E,$A5) -> 0 | J5: =SUMIFS(Daily!$N:$N,Daily!$E:$E,$A5) -> 1 | K5: =IFERROR(F5/E5,"") -> 0.011148272 | L5: =IFERROR(AVERAGEIFS(Daily!$O:$O,Daily!$E:$E,$A5),"") -> 0.013862003 | M5: =IFERROR(AVERAGEIFS(Daily!$I:$I,Daily!$E:$E,$A5),"") -> 12.142857 | N5: yes
A6: 46181 | B6: 46187 | C6: 2026-W24 | D6: 7 | E6: =SUMIFS(Daily!$H:$H,Daily!$E:$E,$A6) -> 554 | F6: =SUMIFS(Daily!$J:$J,Daily!$E:$E,$A6) -> 8 | G6: =SUMIFS(Daily!$K:$K,Daily!$E:$E,$A6) -> 4 | H6: =SUMIFS(Daily!$L:$L,Daily!$E:$E,$A6) -> 0 | I6: =SUMIFS(Daily!$M:$M,Daily!$E:$E,$A6) -> 4 | J6: =SUMIFS(Daily!$N:$N,Daily!$E:$E,$A6) -> 0 | K6: =IFERROR(F6/E6,"") -> 0.014440433 | L6: =IFERROR(AVERAGEIFS(Daily!$O:$O,Daily!$E:$E,$A6),"") -> 0.019834783 | M6: =IFERROR(AVERAGEIFS(Daily!$I:$I,Daily!$E:$E,$A6),"") -> 12.428571 | N6: yes
A7: 46188 | B7: 46194 | C7: 2026-W25 | D7: 7 | E7: =SUMIFS(Daily!$H:$H,Daily!$E:$E,$A7) -> 710 | F7: =SUMIFS(Daily!$J:$J,Daily!$E:$E,$A7) -> 7 | G7: =SUMIFS(Daily!$K:$K,Daily!$E:$E,$A7) -> 3 | H7: =SUMIFS(Daily!$L:$L,Daily!$E:$E,$A7) -> 3 | I7: =SUMIFS(Daily!$M:$M,Daily!$E:$E,$A7) -> 1 | J7: =SUMIFS(Daily!$N:$N,Daily!$E:$E,$A7) -> 0 | K7: =IFERROR(F7/E7,"") -> 0.0098591549 | L7: =IFERROR(AVERAGEIFS(Daily!$O:$O,Daily!$E:$E,$A7),"") -> 0.0085793088 | M7: =IFERROR(AVERAGEIFS(Daily!$I:$I,Daily!$E:$E,$A7),"") -> 13.857143 | N7: yes
A8: 46195 | B8: 46201 | C8: 2026-W26 | D8: 7 | E8: =SUMIFS(Daily!$H:$H,Daily!$E:$E,$A8) -> 597 | F8: =SUMIFS(Daily!$J:$J,Daily!$E:$E,$A8) -> 11 | G8: =SUMIFS(Daily!$K:$K,Daily!$E:$E,$A8) -> 5 | H8: =SUMIFS(Daily!$L:$L,Daily!$E:$E,$A8) -> 2 | I8: =SUMIFS(Daily!$M:$M,Daily!$E:$E,$A8) -> 4 | J8: =SUMIFS(Daily!$N:$N,Daily!$E:$E,$A8) -> 0 | K8: =IFERROR(F8/E8,"") -> 0.018425461 | L8: =IFERROR(AVERAGEIFS(Daily!$O:$O,Daily!$E:$E,$A8),"") -> 0.021916055 | M8: =IFERROR(AVERAGEIFS(Daily!$I:$I,Daily!$E:$E,$A8),"") -> 12.857143 | N8: yes
A9: 46202 | B9: 46208 | C9: 2026-W27 | D9: 7 | E9: =SUMIFS(Daily!$H:$H,Daily!$E:$E,$A9) -> 483 | F9: =SUMIFS(Daily!$J:$J,Daily!$E:$E,$A9) -> 9 | G9: =SUMIFS(Daily!$K:$K,Daily!$E:$E,$A9) -> 8 | H9: =SUMIFS(Daily!$L:$L,Daily!$E:$E,$A9) -> 1 | I9: =SUMIFS(Daily!$M:$M,Daily!$E:$E,$A9) -> 0 | J9: =SUMIFS(Daily!$N:$N,Daily!$E:$E,$A9) -> 0 | K9: =IFERROR(F9/E9,"") -> 0.01863354 | L9: =IFERROR(AVERAGEIFS(Daily!$O:$O,Daily!$E:$E,$A9),"") -> 0.033472727 | M9: =IFERROR(AVERAGEIFS(Daily!$I:$I,Daily!$E:$E,$A9),"") -> 11.714286 | N9: yes
A10: 46209 | B10: 46215 | C10: 2026-W28 | D10: 7 | E10: =SUMIFS(Daily!$H:$H,Daily!$E:$E,$A10) -> 427 | F10: =SUMIFS(Daily!$J:$J,Daily!$E:$E,$A10) -> 8 | G10: =SUMIFS(Daily!$K:$K,Daily!$E:$E,$A10) -> 7 | H10: =SUMIFS(Daily!$L:$L,Daily!$E:$E,$A10) -> 0 | I10: =SUMIFS(Daily!$M:$M,Daily!$E:$E,$A10) -> 1 | J10: =SUMIFS(Daily!$N:$N,Daily!$E:$E,$A10) -> 0 | K10: =IFERROR(F10/E10,"") -> 0.018735363 | L10: =IFERROR(AVERAGEIFS(Daily!$O:$O,Daily!$E:$E,$A10),"") -> 0.019467901 | M10: =IFERROR(AVERAGEIFS(Daily!$I:$I,Daily!$E:$E,$A10),"") -> 10.285714 | N10: yes
A11: 46216 | B11: 46222 | C11: 2026-W29 | D11: 7 | E11: =SUMIFS(Daily!$H:$H,Daily!$E:$E,$A11) -> 522 | F11: =SUMIFS(Daily!$J:$J,Daily!$E:$E,$A11) -> 11 | G11: =SUMIFS(Daily!$K:$K,Daily!$E:$E,$A11) -> 11 | H11: =SUMIFS(Daily!$L:$L,Daily!$E:$E,$A11) -> 0 | I11: =SUMIFS(Daily!$M:$M,Daily!$E:$E,$A11) -> 0 | J11: =SUMIFS(Daily!$N:$N,Daily!$E:$E,$A11) -> 0 | K11: =IFERROR(F11/E11,"") -> 0.021072797 | L11: =IFERROR(AVERAGEIFS(Daily!$O:$O,Daily!$E:$E,$A11),"") -> 0.041331117 | M11: =IFERROR(AVERAGEIFS(Daily!$I:$I,Daily!$E:$E,$A11),"") -> 10.285714 | N11: yes
A12: 46223 | B12: 46229 | C12: 2026-W30 | D12: 7 | E12: =SUMIFS(Daily!$H:$H,Daily!$E:$E,$A12) -> 737 | F12: =SUMIFS(Daily!$J:$J,Daily!$E:$E,$A12) -> 23 | G12: =SUMIFS(Daily!$K:$K,Daily!$E:$E,$A12) -> 21 | H12: =SUMIFS(Daily!$L:$L,Daily!$E:$E,$A12) -> 2 | I12: =SUMIFS(Daily!$M:$M,Daily!$E:$E,$A12) -> 0 | J12: =SUMIFS(Daily!$N:$N,Daily!$E:$E,$A12) -> 0 | K12: =IFERROR(F12/E12,"") -> 0.031207598 | L12: =IFERROR(AVERAGEIFS(Daily!$O:$O,Daily!$E:$E,$A12),"") -> 0.035652508 | M12: =IFERROR(AVERAGEIFS(Daily!$I:$I,Daily!$E:$E,$A12),"") -> 14 | N12: yes
A13: 46230 | B13: 46236 | C13: 2026-W31 | D13: 7 | E13: =SUMIFS(Daily!$H:$H,Daily!$E:$E,$A13) -> 1141 | F13: =SUMIFS(Daily!$J:$J,Daily!$E:$E,$A13) -> 21 | G13: =SUMIFS(Daily!$K:$K,Daily!$E:$E,$A13) -> 19 | H13: =SUMIFS(Daily!$L:$L,Daily!$E:$E,$A13) -> 0 | I13: =SUMIFS(Daily!$M:$M,Daily!$E:$E,$A13) -> 2 | J13: =SUMIFS(Daily!$N:$N,Daily!$E:$E,$A13) -> 0 | K13: =IFERROR(F13/E13,"") -> 0.018404908 | L13: =IFERROR(AVERAGEIFS(Daily!$O:$O,Daily!$E:$E,$A13),"") -> 0.025364035 | M13: =IFERROR(AVERAGEIFS(Daily!$I:$I,Daily!$E:$E,$A13),"") -> 11.714286 | N13: yes
... A19: 46272 | B19: 46278 | C19: 2026-W37 | D19: 5 | E19: =SUMIFS(Daily!$H:$H,Daily!$E:$E,$A19) -> 225 | F19: =SUMIFS(Daily!$J:$J,Daily!$E:$E,$A19) -> 36 | G19: =SUMIFS(Daily!$K:$K,Daily!$E:$E,$A19) -> 36 | H19: =SUMIFS(Daily!$L:$L,Daily!$E:$E,$A19) -> 0 | I19: =SUMIFS(Daily!$M:$M,Daily!$E:$E,$A19) -> 0 | J19: =SUMIFS(Daily!$N:$N,Daily!$E:$E,$A19) -> 0 | K19: =IFERROR(F19/E19,"") -> 0.16 | L19: =IFERROR(AVERAGEIFS(Daily!$O:$O,Daily!$E:$E,$A19),"") -> 0.077002543 | M19: =IFERROR(AVERAGEIFS(Daily!$I:$I,Daily!$E:$E,$A19),"") -> 16 | N19: no (partial)
A20: TOTAL (visible rows) | E20: =SUBTOTAL(109,E2:E19) -> 10465 | F20: =SUBTOTAL(109,F2:F19) -> 443 | G20: =SUBTOTAL(109,G2:G19) -> 401 | H20: =SUBTOTAL(109,H2:H19) -> 22 | I20: =SUBTOTAL(109,I2:I19) -> 17 | J20: =SUBTOTAL(109,J2:J19) -> 3 | K20: =IFERROR(F20/E20,"") -> 0.042331581 | L20: =SUBTOTAL(101,L2:L19) -> 0.050249841
A22: First and last weeks are partial. Weighting differs between the two CTR columns: column K divides weekly totals, column L averages each day equally.

Sheet Referrers
A1: referrer | B1: sessions | C1: share of sessions | D1: distinct landing pages | E1: first session | F1: last session
A2: ChatGPT | B2: =SUMIFS(Sessions!$I:$I,Sessions!$B:$B,"ChatGPT") -> 401 | C2: =IFERROR(B2/$B$6,0) -> 0.90519187 | D2: 70 | E2: =_xlfn.MINIFS(Sessions!$A:$A,Sessions!$B:$B,"ChatGPT") -> 46158 | F2: =_xlfn.MAXIFS(Sessions!$A:$A,Sessions!$B:$B,"ChatGPT") -> 46276
A3: Claude | B3: =SUMIFS(Sessions!$I:$I,Sessions!$B:$B,"Claude") -> 22 | C3: =IFERROR(B3/$B$6,0) -> 0.0496614 | D3: 14 | E3: =_xlfn.MINIFS(Sessions!$A:$A,Sessions!$B:$B,"Claude") -> 46157 | F3: =_xlfn.MAXIFS(Sessions!$A:$A,Sessions!$B:$B,"Claude") -> 46262
A4: Gemini | B4: =SUMIFS(Sessions!$I:$I,Sessions!$B:$B,"Gemini") -> 17 | C4: =IFERROR(B4/$B$6,0) -> 0.038374718 | D4: 9 | E4: =_xlfn.MINIFS(Sessions!$A:$A,Sessions!$B:$B,"Gemini") -> 46168 | F4: =_xlfn.MAXIFS(Sessions!$A:$A,Sessions!$B:$B,"Gemini") -> 46244
A5: Copilot | B5: =SUMIFS(Sessions!$I:$I,Sessions!$B:$B,"Copilot") -> 3 | C5: =IFERROR(B5/$B$6,0) -> 0.006772009 | D5: 2 | E5: =_xlfn.MINIFS(Sessions!$A:$A,Sessions!$B:$B,"Copilot") -> 46164 | F5: =_xlfn.MAXIFS(Sessions!$A:$A,Sessions!$B:$B,"Copilot") -> 46254
A6: TOTAL | B6: =SUM(B2:B5) -> 443 | C6: =SUM(C2:C5) -> 1 | D6: 75
A8: 'distinct landing pages' is a de-duplicated count computed at build time, so it does not respond to filters. The total is the distinct count across all referrers, not the sum of the rows above, because assistants share pages.
